,birth,change,contract,current,foot,height,join,name,nation,number,position,sign,value
0,"Aug 17, 1993 (25)",Previous Market Value: £54.00m,30.06.2025,Manchester City,left,"1,88 m","Jul 1, 2017",Ederson,Brazil,31,Goalkeeper,SL Benfica,£54.00m  
1,"Apr 13, 1983 (35)",Previous Market Value: £3.15m,30.06.2020,Manchester City,right,"1,84 m","Aug 25, 2016",Claudio Bravo,Chile,1,Goalkeeper,FC Barcelona,£2.25m  
2,"Nov 7, 1998 (20)",Previous Market Value: £450k,30.06.2021,Manchester City,right,"1,98 m","Jul 1, 2018",Arijanet Muric,Kosovo,49,Goalkeeper,Manchester City U23,£900k  
3,"May 28, 1994 (24)",Previous Market Value: £49.50m,30.06.2022,Manchester City,right,"1,88 m","Aug 9, 2016",John Stones,England,5,Centre-Back,Everton FC,£54.00m  
4,"May 27, 1994 (24)",Previous Market Value: £45.00m,30.06.2025,Manchester City,left,"1,91 m","Jan 30, 2018",Aymeric Laporte,France,14,Centre-Back,Athletic Bilbao,£54.00m  
5,"Feb 12, 1988 (31)",Previous Market Value: £31.50m,30.06.2022,Manchester City,right,"1,83 m","Aug 20, 2015",Nicolás Otamendi,Argentina,30,Centre-Back,Valencia CF,£27.00m  
6,"Apr 10, 1986 (32)",Previous Market Value: £9.00m,30.06.2019,Manchester City,right,"1,90 m","Aug 22, 2008",Vincent Kompany,Belgium,4,Centre-Back,Hamburger SV,£9.00m  
7,"Feb 13, 1991 (28)",Previous Market Value: £13.50m,30.06.2020,Manchester City,left,"1,87 m","Aug 11, 2014",Eliaquim Mangala,France,15,Centre-Back,FC Porto,£9.00m  
8,"Feb 10, 1997 (22)",Previous Market Value: £2.25m,30.06.2022,Manchester City,right,"1,90 m","Jul 31, 2018",Philippe Sandler,Netherlands,34,Centre-Back,PEC Zwolle,£2.25m  
9,"Jul 17, 1994 (24)",Previous Market Value: £40.50m,30.06.2023,Manchester City,left,"1,85 m","Jul 24, 2017",Benjamin Mendy,France,22,Left-Back,AS Monaco,£36.00m  
10,"Dec 15, 1996 (22)",Previous Market Value: £13.50m,30.06.2020,Manchester City,left,"1,75 m","Jul 4, 2016",Oleksandr Zinchenko,Ukraine,35,Left-Back,FK Ufa,£13.50m  
11,"May 28, 1990 (28)",Previous Market Value: £45.00m,30.06.2022,Manchester City,right,"1,83 m","Jul 14, 2017",Kyle Walker,England,2,Right-Back,Tottenham Hotspur,£45.00m  
12,"Jul 15, 1991 (27)",Previous Market Value: £18.00m,30.06.2022,Manchester City,right,"1,84 m","Jul 23, 2017",Danilo,Brazil,3,Right-Back,Real Madrid,£18.00m  
13,"May 4, 1985 (33)",Previous Market Value: £13.50m,30.06.2020,Manchester City,right,"1,79 m","Jul 1, 2013",Fernandinho,Brazil,25,Defensive Midfield,Shakhtar Donetsk,£13.50m  
14,"Oct 24, 1990 (28)",Previous Market Value: £36.00m,30.06.2020,Manchester City,right,"1,80 m","Jul 1, 2016",Ilkay Gündogan,Germany,8,Central Midfield,Borussia Dortmund,£36.00m  
15,"May 28, 2000 (18)",Previous Market Value: £18.00m,30.06.2024,Manchester City,left,"1,71 m","Jul 1, 2017",Phil Foden,England,47,Central Midfield,Manchester City U18,£22.50m  
16,"Nov 21, 1989 (29)",Previous Market Value: £13.50m,30.06.2020,Manchester City,left,"1,74 m","Jul 17, 2015",Fabian Delph,England,18,Central Midfield,Aston Villa,£13.50m  
17,"Jun 28, 1991 (27)",Previous Market Value: £135.00m,30.06.2023,Manchester City,right,"1,81 m","Aug 30, 2015",Kevin De Bruyne,Belgium,17,Attacking Midfield,VfL Wolfsburg,£135.00m  
18,"Jan 8, 1986 (33)",Previous Market Value: £27.00m,30.06.2020,Manchester City,left,"1,70 m","Jul 14, 2010",David Silva,Spain,21,Attacking Midfield,Valencia CF,£22.50m  
19,"Jan 11, 1996 (23)",Previous Market Value: £81.00m,30.06.2021,Manchester City,left,"1,83 m","Aug 2, 2016",Leroy Sané,Germany,19,Left Winger,FC Schalke 04,£90.00m  
20,"Dec 8, 1994 (24)",Previous Market Value: £81.00m,30.06.2023,Manchester City,right,"1,70 m","Jul 14, 2015",Raheem Sterling,England,7,Right Winger,Liverpool FC,£108.00m  
21,"Aug 10, 1994 (24)",Previous Market Value: £58.50m,30.06.2022,Manchester City,left,"1,73 m","Jul 1, 2017",Bernardo Silva,Portugal,20,Right Winger,AS Monaco,£72.00m  
22,"Feb 21, 1991 (28)",Previous Market Value: £54.00m,30.06.2023,Manchester City,left,"1,79 m","Jul 10, 2018",Riyad Mahrez,Algeria,26,Right Winger,Leicester City,£54.00m  
23,"Jun 2, 1988 (30)",Previous Market Value: £72.00m,30.06.2021,Manchester City,right,"1,73 m","Jul 28, 2011",Sergio Agüero,Argentina,10,Centre-Forward,Atlético Madrid,£67.50m  
24,"Apr 3, 1997 (21)",Previous Market Value: £72.00m,30.06.2023,Manchester City,right,"1,75 m","Jan 1, 2017",Gabriel Jesus,Brazil,33,Centre-Forward,Sociedade Esportiva Palmeiras,£63.00m  
25,"Oct 2, 1992 (26)",Previous Market Value: £54.00m,30.06.2024,Liverpool FC,right,"1,91 m","Jul 19, 2018",Alisson,Brazil,13,Goalkeeper,AS Roma,£58.50m  
26,"Mar 6, 1988 (31)",Previous Market Value: £8.10m,30.06.2021,Liverpool FC,right,"1,93 m","Jul 1, 2013",Simon Mignolet,Belgium,22,Goalkeeper,Sunderland AFC,£7.20m  
27,"Jul 8, 1991 (27)",Previous Market Value: £54.00m,30.06.2023,Liverpool FC,right,"1,93 m","Jan 1, 2018",Virgil van Dijk,Netherlands,4,Centre-Back,Southampton FC,£67.50m  
28,"May 23, 1997 (21)",Previous Market Value: £25.20m,30.06.2024,Liverpool FC,right,"1,88 m","Jul 1, 2015",Joe Gomez,England,12,Centre-Back,Charlton Athletic,£31.50m  
29,"Jul 5, 1989 (29)",Previous Market Value: £18.00m,30.06.2021,Liverpool FC,both,"1,88 m","Jul 27, 2014",Dejan Lovren,Croatia,6,Centre-Back,Southampton FC,£18.00m  
30,"Aug 8, 1991 (27)",Previous Market Value: £19.80m,30.06.2020,Liverpool FC,right,"1,95 m","Jul 1, 2016",Joel Matip,Cameroon,32,Centre-Back,FC Schalke 04,£18.00m  
31,"Mar 11, 1994 (25)",Previous Market Value: £40.50m,30.06.2024,Liverpool FC,left,"1,78 m","Jul 21, 2017",Andrew Robertson,Scotland,26,Left-Back,Hull City,£45.00m  
32,"Jul 5, 1992 (26)",Previous Market Value: £9.00m,30.06.2019,Liverpool FC,left,"1,71 m","Aug 13, 2014",Alberto Moreno,Spain,18,Left-Back,Sevilla FC,£8.10m  
33,"Oct 7, 1998 (20)",Previous Market Value: £40.50m,30.06.2024,Liverpool FC,right,"1,80 m","Jul 1, 2016",Trent Alexander-Arnold,England,66,Right-Back,Liverpool FC U18,£45.00m  
34,"Oct 21, 1995 (23)",Previous Market Value: £450k,30.06.2019,Liverpool FC,right,"1,80 m","Jul 1, 2015",Connor Randall,England,56,Right-Back,Liverpool FC U23,£450k  
35,"Oct 23, 1993 (25)",Previous Market Value: £36.00m,30.06.2023,Liverpool FC,right,"1,88 m","Jul 1, 2018",Fabinho,Brazil,3,Defensive Midfield,AS Monaco,£40.50m  
36,"Feb 10, 1995 (24)",Previous Market Value: £58.50m,30.06.2023,Liverpool FC,right,"1,72 m","Jul 1, 2018",Naby Keïta,Guinea,8,Central Midfield,RB Leipzig,£58.50m  
37,"Nov 11, 1990 (28)",Previous Market Value: £36.00m,30.06.2021,Liverpool FC,right,"1,75 m","Jul 22, 2016",Georginio Wijnaldum,Netherlands,5,Central Midfield,Newcastle United,£36.00m  
38,"Jun 17, 1990 (28)",Previous Market Value: £25.20m,30.06.2023,Liverpool FC,right,"1,87 m","Jul 1, 2011",Jordan Henderson,England,14,Central Midfield,Sunderland AFC,£25.20m  
39,"Jan 4, 1986 (33)",Previous Market Value: £13.50m,30.06.2019,Liverpool FC,right,"1,75 m","Jul 1, 2015",James Milner,England,7,Central Midfield,Manchester City,£13.50m  
40,"Aug 15, 1993 (25)",Previous Market Value: £36.00m,30.06.2022,Liverpool FC,right,"1,75 m","Aug 31, 2017",Alex Oxlade-Chamberlain,England,21,Right Midfield,Arsenal FC,£36.00m  
41,"May 10, 1988 (30)",Previous Market Value: £18.00m,30.06.2020,Liverpool FC,both,"1,72 m","Jul 1, 2014",Adam Lallana,England,20,Attacking Midfield,Southampton FC,£13.50m  
42,"Apr 10, 1992 (26)",Previous Market Value: £67.50m,30.06.2023,Liverpool FC,right,"1,74 m","Jul 1, 2016",Sadio Mané,Senegal,10,Left Winger,Southampton FC,£76.50m  
43,"Oct 15, 1999 (19)",Previous Market Value: £4.50m,30.06.2022,Liverpool FC,right,"1,74 m","Jan 1, 2017",Ben Woodburn,Wales,58,Left Winger,Liverpool FC U18,£4.50m  
44,"Jun 15, 1992 (26)",Previous Market Value: £135.00m,30.06.2023,Liverpool FC,left,"1,75 m","Jul 1, 2017",Mohamed Salah,Egypt,11,Right Winger,AS Roma,£135.00m  
45,"Oct 10, 1991 (27)",Previous Market Value: £18.00m,30.06.2023,Liverpool FC,left,"1,69 m","Jul 13, 2018",Xherdan Shaqiri,Switzerland,23,Right Winger,Stoke City,£22.50m  
46,"Oct 2, 1991 (27)",Previous Market Value: £72.00m,30.06.2023,Liverpool FC,right,"1,81 m","Jul 1, 2015",Roberto Firmino,Brazil,9,Centre-Forward,TSG 1899 Hoffenheim,£72.00m  
47,"Sep 1, 1989 (29)",Previous Market Value: £13.50m,30.06.2019,Liverpool FC,left,"1,80 m","Jan 2, 2013",Daniel Sturridge,England,15,Centre-Forward,Chelsea FC,£13.50m  
48,"Apr 18, 1995 (23)",Previous Market Value: £9.00m,30.06.2020,Liverpool FC,right,"1,85 m","Jul 29, 2014",Divock Origi,Belgium,27,Centre-Forward,LOSC Lille,£9.00m  
49,"Oct 3, 1994 (24)",Previous Market Value: £45.00m,30.06.2025,Chelsea FC,right,"1,86 m","Aug 8, 2018",Kepa,Spain,1,Goalkeeper,Athletic Bilbao,£49.50m  
50,"Sep 28, 1981 (37)",Previous Market Value: £900k,30.06.2019,Chelsea FC,right,"1,86 m","Jul 1, 2017",Willy Caballero,Argentina,13,Goalkeeper,Manchester City,£900k  
51,"Oct 27, 1993 (25)",Previous Market Value: £450k,30.06.2021,Chelsea FC,right,"1,99 m","Jul 1, 2014",Jamal Blackman,England,-,Goalkeeper,Chelsea FC U21,£450k  
52,"Jan 18, 1980 (39)",Previous Market Value: £225k,30.06.2019,Chelsea FC,right,"1,91 m","Jul 26, 2018",Robert Green,England,31,Goalkeeper,Huddersfield Town,£225k  
53,"Mar 3, 1993 (26)",Previous Market Value: £36.00m,30.06.2022,Chelsea FC,right,"1,91 m","Jul 9, 2017",Antonio Rüdiger,Germany,2,Centre-Back,AS Roma,£40.50m  
54,"Apr 10, 1996 (22)",Previous Market Value: £36.00m,30.06.2022,Chelsea FC,right,"1,88 m","Jul 1, 2015",Andreas Christensen,Denmark,27,Centre-Back,Chelsea FC U21,£31.50m  
55,"Apr 22, 1987 (31)",Previous Market Value: £22.50m,30.06.2019,Chelsea FC,right,"1,89 m","Aug 31, 2016",David Luiz,Brazil,30,Centre-Back,Paris Saint-Germain,£22.50m  
56,"Dec 19, 1985 (33)",Previous Market Value: £9.00m,30.06.2019,Chelsea FC,right,"1,93 m","Jan 16, 2012",Gary Cahill,England,24,Centre-Back,Bolton Wanderers,£9.00m  
57,"Sep 14, 2000 (18)",Previous Market Value: £6.30m,30.06.2023,Chelsea FC,right,"1,82 m","Jul 1, 2017",Ethan Ampadu,Wales,44,Centre-Back,Exeter City U18,£9.00m  
58,"Dec 28, 1990 (28)",Previous Market Value: £40.50m,30.06.2023,Chelsea FC,left,"1,88 m","Aug 31, 2016",Marcos Alonso,Spain,3,Left-Back,ACF Fiorentina,£40.50m  
59,"Aug 3, 1994 (24)",Previous Market Value: £18.00m,30.06.2022,Chelsea FC,left,"1,75 m","Jan 30, 2018",Emerson,Italy,33,Left-Back,AS Roma,£16.20m  
60,"Aug 28, 1989 (29)",Previous Market Value: £36.00m,30.06.2022,Chelsea FC,right,"1,78 m","Aug 24, 2012",César Azpilicueta,Spain,28,Right-Back,Olympique Marseille,£36.00m  
61,"Jun 11, 1992 (26)",Previous Market Value: £18.00m,30.06.2021,Chelsea FC,right,"1,82 m","Aug 31, 2017",Davide Zappacosta,Italy,21,Right-Back,Torino FC,£16.20m  
62,"Dec 20, 1991 (27)",Previous Market Value: £54.00m,30.06.2023,Chelsea FC,right,"1,80 m","Jul 14, 2018",Jorginho,Italy,5,Defensive Midfield,SSC Napoli,£58.50m  
63,"Mar 29, 1991 (27)",Previous Market Value: £72.00m,30.06.2023,Chelsea FC,right,"1,68 m","Jul 16, 2016",N'Golo Kanté,France,7,Central Midfield,Leicester City,£90.00m  
64,"May 6, 1994 (24)",Previous Market Value: £27.00m,30.06.2019,Chelsea FC,right,"1,78 m","Aug 9, 2018",Mateo Kovacic,Croatia,17,Central Midfield,Real Madrid,£31.50m  
65,"Jan 23, 1996 (23)",Previous Market Value: £18.00m,30.06.2021,Chelsea FC,right,"1,91 m","Jan 1, 2015",Ruben Loftus-Cheek,England,12,Central Midfield,Chelsea FC U21,£22.50m  
66,"Dec 1, 1992 (26)",Previous Market Value: £10.80m,30.06.2020,Chelsea FC,right,"1,86 m","Jul 4, 2013",Marco van Ginkel,Netherlands,-,Central Midfield,Vitesse Arnhem,£9.00m  
67,"Mar 5, 1990 (29)",Previous Market Value: £13.50m,30.06.2022,Chelsea FC,right,"1,77 m","Aug 31, 2017",Danny Drinkwater,England,6,Central Midfield,Leicester City,£9.00m  
68,"Dec 5, 1993 (25)",Previous Market Value: £22.50m,30.06.2023,Chelsea FC,right,"1,86 m","Jan 5, 2018",Ross Barkley,England,8,Attacking Midfield,Everton FC,£25.20m  
69,"Jan 7, 1991 (28)",Previous Market Value: £135.00m,30.06.2020,Chelsea FC,both,"1,73 m","Jul 1, 2012",Eden Hazard,Belgium,10,Left Winger,LOSC Lille,£135.00m  
70,"Nov 7, 2000 (18)",Previous Market Value: -,30.06.2020,Chelsea FC,right,"1,77 m","Jan 1, 2019",Callum Hudson-Odoi,England,20,Left Winger,Chelsea FC U23,£22.50m  
71,"Aug 9, 1988 (30)",Previous Market Value: £45.00m,30.06.2020,Chelsea FC,right,"1,75 m","Aug 28, 2013",Willian,Brazil,22,Right Winger,Anzhi Makhachkala,£45.00m  
72,"Jul 28, 1987 (31)",Previous Market Value: £22.50m,30.06.2020,Chelsea FC,both,"1,67 m","Aug 20, 2015",Pedro,Spain,11,Right Winger,FC Barcelona,£22.50m  
73,"Dec 10, 1987 (31)",Previous Market Value: £45.00m,30.06.2019,Chelsea FC,right,"1,84 m","Jan 23, 2019",Gonzalo Higuaín,Argentina,9,Centre-Forward,Juventus FC,£40.50m  
74,"Sep 30, 1986 (32)",Previous Market Value: £16.20m,30.06.2019,Chelsea FC,left,"1,92 m","Jan 31, 2018",Olivier Giroud,France,18,Centre-Forward,Arsenal FC,£13.50m  
75,"Dec 26, 1986 (32)",Previous Market Value: £27.00m,30.06.2022,Tottenham Hotspur,left,"1,88 m","Aug 31, 2012",Hugo Lloris,France,1,Goalkeeper,Olympique Lyon,£27.00m  
76,"Oct 20, 1983 (35)",Previous Market Value: £2.25m,30.06.2019,Tottenham Hotspur,right,"1,83 m","Jul 23, 2014",Michel Vorm,Netherlands,13,Goalkeeper,Swansea City,£1.80m  
77,"Jan 2, 1992 (27)",Previous Market Value: £900k,30.06.2022,Tottenham Hotspur,right,"1,95 m","Aug 23, 2017",Paulo Gazzaniga,Argentina,22,Goalkeeper,Southampton FC,£1.80m  
78,"Jun 12, 1996 (22)",Previous Market Value: £36.00m,30.06.2024,Tottenham Hotspur,right,"1,87 m","Aug 23, 2017",Davinson Sánchez,Colombia,6,Centre-Back,Ajax Amsterdam,£40.50m  
79,"Mar 2, 1989 (30)",Previous Market Value: £36.00m,30.06.2020,Tottenham Hotspur,right,"1,86 m","Jul 8, 2015",Toby Alderweireld,Belgium,4,Centre-Back,Atlético Madrid,£36.00m  
80,"Apr 24, 1987 (31)",Previous Market Value: £28.80m,30.06.2020,Tottenham Hotspur,left,"1,89 m","Jul 12, 2012",Jan Vertonghen,Belgium,5,Centre-Back,Ajax Amsterdam,£27.00m  
81,"Jan 12, 1998 (21)",Previous Market Value: £7.20m,30.06.2022,Tottenham Hotspur,right,"1,87 m","Aug 30, 2017",Juan Foyth,Argentina,21,Centre-Back,Club Estudiantes de La Plata,£10.80m  
82,"Jul 2, 1990 (28)",Previous Market Value: £27.00m,30.06.2021,Tottenham Hotspur,left,"1,73 m","Jul 25, 2007",Danny Rose,England,3,Left-Back,Leeds United U18,£22.50m  
83,"Apr 24, 1993 (25)",Previous Market Value: £22.50m,30.06.2021,Tottenham Hotspur,left,"1,81 m","Jul 23, 2014",Ben Davies,Wales,33,Left-Back,Swansea City,£22.50m  
84,"Sep 19, 1990 (28)",Previous Market Value: £31.50m,30.06.2022,Tottenham Hotspur,right,"1,73 m","Jul 1, 2015",Kieran Trippier,England,2,Right-Back,Burnley FC,£31.50m  
85,"Dec 24, 1992 (26)",Previous Market Value: £18.00m,30.06.2022,Tottenham Hotspur,right,"1,76 m","Aug 31, 2017",Serge Aurier,Cote d'Ivoire,24,Right-Back,Paris Saint-Germain,£18.00m  
86,"Apr 13, 1997 (21)",Previous Market Value: £2.70m,30.06.2023,Tottenham Hotspur,right,"1,73 m","Jul 1, 2017",Kyle Walker-Peters,England,16,Right-Back,Tottenham Hotspur U23,£2.70m  
87,"Jan 15, 1994 (25)",Previous Market Value: £36.00m,30.06.2021,Tottenham Hotspur,right,"1,88 m","Jul 31, 2014",Eric Dier,England,15,Defensive Midfield,Sporting CP,£36.00m  
88,"Jun 25, 1991 (27)",Previous Market Value: £27.00m,30.06.2021,Tottenham Hotspur,right,"1,84 m","Jul 1, 2016",Victor Wanyama,Kenya,12,Defensive Midfield,Southampton FC,£22.50m  
89,"Feb 2, 1996 (23)",Previous Market Value: £13.50m,30.06.2023,Tottenham Hotspur,right,"1,78 m","Jul 1, 2016",Harry Winks,England,8,Central Midfield,Tottenham Hotspur U23,£18.00m  
90,"Aug 16, 1989 (29)",Previous Market Value: £16.20m,30.06.2021,Tottenham Hotspur,right,"1,87 m","Aug 31, 2016",Moussa Sissoko,France,17,Central Midfield,Newcastle United,£16.20m  
91,"Apr 11, 1996 (22)",Previous Market Value: £90.00m,30.06.2024,Tottenham Hotspur,right,"1,88 m","Feb 2, 2015",Dele Alli,England,20,Attacking Midfield,Milton Keynes Dons,£90.00m  
92,"Feb 14, 1992 (27)",Previous Market Value: £72.00m,30.06.2020,Tottenham Hotspur,both,"1,82 m","Aug 30, 2013",Christian Eriksen,Denmark,23,Attacking Midfield,Ajax Amsterdam,£76.50m  
93,"Jul 8, 1992 (26)",Previous Market Value: £45.00m,30.06.2023,Tottenham Hotspur,both,"1,84 m","Aug 28, 2015",Heung-min Son,"Korea, South",7,Left Winger,Bayer 04 Leverkusen,£58.50m  
94,"Aug 13, 1992 (26)",Previous Market Value: £28.80m,30.06.2023,Tottenham Hotspur,right,"1,72 m","Jan 31, 2018",Lucas Moura,Brazil,27,Right Winger,Paris Saint-Germain,£28.80m  
95,"Mar 4, 1992 (27)",Previous Market Value: £18.00m,30.06.2022,Tottenham Hotspur,left,"1,84 m","Aug 30, 2013",Erik Lamela,Argentina,11,Right Winger,AS Roma,£18.00m  
96,"Jul 28, 1993 (25)",Previous Market Value: £135.00m,30.06.2024,Tottenham Hotspur,right,"1,88 m","Jan 1, 2011",Harry Kane,England,10,Centre-Forward,Tottenham Hotspur U18,£135.00m  
97,"Jun 15, 1994 (24)",Previous Market Value: £8.10m,30.06.2020,Tottenham Hotspur,left,"1,83 m","Jul 12, 2016",Vincent Janssen,Netherlands,9,Centre-Forward,AZ Alkmaar,£7.20m  
98,"Feb 26, 1985 (34)",Previous Market Value: £4.50m,30.06.2019,Tottenham Hotspur,right,"1,93 m","Aug 31, 2017",Fernando Llorente,Spain,18,Centre-Forward,Swansea City,£3.15m  
99,"Nov 7, 1990 (28)",Previous Market Value: £63.00m,30.06.2019,Manchester United,right,"1,89 m","Jul 1, 2011",David de Gea,Spain,1,Goalkeeper,Atlético Madrid,£63.00m  
100,"Feb 22, 1987 (32)",Previous Market Value: £4.50m,30.06.2021,Manchester United,right,"1,92 m","Jul 27, 2015",Sergio Romero,Argentina,22,Goalkeeper,UC Sampdoria,£4.50m  
101,"Jan 27, 1983 (36)",Previous Market Value: £900k,30.06.2020,Manchester United,right,"1,93 m","Jul 3, 2018",Lee Grant,England,13,Goalkeeper,Stoke City,£900k  
102,"Jul 17, 1994 (24)",Previous Market Value: £22.50m,30.06.2021,Manchester United,right,"1,87 m","Jul 1, 2017",Victor Lindelöf,Sweden,2,Centre-Back,SL Benfica,£31.50m  
103,"Apr 12, 1994 (24)",Previous Market Value: £27.00m,30.06.2020,Manchester United,right,"1,87 m","Jul 1, 2016",Eric Bailly,Cote d'Ivoire,3,Centre-Back,Villarreal CF,£27.00m  
104,"Feb 21, 1992 (27)",Previous Market Value: £18.00m,30.06.2023,Manchester United,right,"1,85 m","Jul 1, 2011",Phil Jones,England,4,Centre-Back,Blackburn Rovers,£18.00m  
105,"Nov 22, 1989 (29)",Previous Market Value: £16.20m,30.06.2022,Manchester United,right,"1,94 m","Jul 1, 2010",Chris Smalling,England,12,Centre-Back,Fulham FC,£16.20m  
106,"Mar 20, 1990 (28)",Previous Market Value: £16.20m,30.06.2021,Manchester United,left,"1,86 m","Aug 20, 2014",Marcos Rojo,Argentina,16,Centre-Back,Sporting CP,£13.50m  
107,"Jul 12, 1995 (23)",Previous Market Value: £16.20m,30.06.2023,Manchester United,left,"1,81 m","Jul 1, 2014",Luke Shaw,England,23,Left-Back,Southampton FC,£22.50m  
108,"Jul 9, 1985 (33)",Previous Market Value: £6.30m,30.06.2020,Manchester United,both,"1,76 m","Jul 1, 2011",Ashley Young,England,18,Left-Back,Aston Villa,£6.30m  
109,"Mar 18, 1999 (19)",Previous Market Value: £13.50m,30.06.2023,Manchester United,right,"1,83 m","Jul 1, 2018",Diogo Dalot,Portugal,20,Right-Back,FC Porto,£13.50m  
110,"Dec 2, 1989 (29)",Previous Market Value: £9.00m,30.06.2019,Manchester United,right,"1,83 m","Jul 11, 2015",Matteo Darmian,Italy,36,Right-Back,Torino FC,£9.00m  
111,"Aug 4, 1985 (33)",Previous Market Value: £7.20m,30.06.2019,Manchester United,right,"1,80 m","Jul 1, 2009",Antonio Valencia,Ecuador,25,Right-Back,Wigan Athletic,£6.30m  
112,"Aug 1, 1988 (30)",Previous Market Value: £36.00m,30.06.2020,Manchester United,left,"1,94 m","Jul 31, 2017",Nemanja Matic,Serbia,31,Defensive Midfield,Chelsea FC,£31.50m  
113,"Mar 15, 1993 (25)",Previous Market Value: £72.00m,30.06.2021,Manchester United,both,"1,91 m","Aug 9, 2016",Paul Pogba,France,6,Central Midfield,Juventus FC,£81.00m  
114,"Mar 5, 1993 (26)",Previous Market Value: £36.00m,30.06.2023,Manchester United,left,"1,69 m","Jul 1, 2018",Fred,Brazil,17,Central Midfield,Shakhtar Donetsk,£31.50m  
115,"Aug 14, 1989 (29)",Previous Market Value: £27.00m,30.06.2019,Manchester United,right,"1,82 m","Jul 1, 2014",Ander Herrera,Spain,21,Central Midfield,Athletic Bilbao,£25.20m  
116,"Dec 8, 1996 (22)",Previous Market Value: £6.30m,30.06.2023,Manchester United,right,"1,93 m","Jul 1, 2017",Scott McTominay,Scotland,39,Central Midfield,Manchester United U23,£6.30m  
117,"Apr 28, 1988 (30)",Previous Market Value: £27.00m,30.06.2019,Manchester United,left,"1,70 m","Jan 24, 2014",Juan Mata,Spain,8,Attacking Midfield,Chelsea FC,£22.50m  
118,"Jan 1, 1996 (23)",Previous Market Value: £7.20m,30.06.2019,Manchester United,right,"1,78 m","Jul 1, 2015",Andreas Pereira,Brazil,15,Attacking Midfield,Manchester United U23,£7.20m  
119,"Dec 5, 1995 (23)",Previous Market Value: £54.00m,30.06.2024,Manchester United,right,"1,83 m","Sep 1, 2015",Anthony Martial,France,11,Left Winger,AS Monaco,£54.00m  
120,"Dec 19, 1988 (30)",Previous Market Value: £49.50m,30.06.2022,Manchester United,right,"1,68 m","Jan 22, 2018",Alexis Sánchez,Chile,7,Left Winger,Arsenal FC,£40.50m  
121,"Dec 15, 1992 (26)",Previous Market Value: £36.00m,30.06.2021,Manchester United,right,"1,74 m","Jul 1, 2012",Jesse Lingard,England,14,Right Winger,Manchester United U23,£36.00m  
122,"May 13, 1993 (25)",Previous Market Value: £90.00m,30.06.2022,Manchester United,left,"1,90 m","Jul 10, 2017",Romelu Lukaku,Belgium,9,Centre-Forward,Everton FC,£76.50m  
123,"Oct 31, 1997 (21)",Previous Market Value: £58.50m,30.06.2020,Manchester United,right,"1,85 m","Jan 1, 2016",Marcus Rashford,England,10,Centre-Forward,Manchester United U18,£72.00m  
124,"Mar 4, 1992 (27)",Previous Market Value: £19.80m,30.06.2023,Arsenal FC,right,"1,90 m","Jul 1, 2018",Bernd Leno,Germany,19,Goalkeeper,Bayer 04 Leverkusen,£22.50m  
125,"May 20, 1982 (36)",Previous Market Value: £2.70m,30.06.2019,Arsenal FC,left,"1,96 m","Jul 1, 2015",Petr Cech,Czech Republic,1,Goalkeeper,Chelsea FC,£2.25m  
126,"Apr 17, 1992 (26)",Previous Market Value: £22.50m,30.06.2021,Arsenal FC,right,"1,84 m","Aug 30, 2016",Shkodran Mustafi,Germany,20,Centre-Back,Valencia CF,£27.00m  
127,"Jun 9, 1988 (30)",Previous Market Value: £18.00m,30.06.2021,Arsenal FC,right,"1,86 m","Jul 2, 2018",Sokratis,Greece,5,Centre-Back,Borussia Dortmund,£18.00m  
128,"Sep 20, 1995 (23)",Previous Market Value: £6.30m,30.06.2023,Arsenal FC,right,"1,89 m","Jul 22, 2016",Rob Holding,England,16,Centre-Back,Bolton Wanderers,£10.80m  
129,"Sep 10, 1985 (33)",Previous Market Value: £9.00m,30.06.2020,Arsenal FC,right,"1,85 m","Jul 7, 2010",Laurent Koscielny,France,6,Centre-Back,FC Lorient,£9.00m  
130,"Dec 11, 1997 (21)",Previous Market Value: £2.70m,30.06.2023,Arsenal FC,right,"1,94 m","Jan 4, 2018",Konstantinos Mavropanos,Greece,27,Centre-Back,PAS Giannina,£2.70m  
131,"Jun 20, 1993 (25)",Previous Market Value: £16.20m,30.06.2022,Arsenal FC,left,"1,83 m","Jul 1, 2017",Sead Kolasinac,Bosnia-Herzegovina,31,Left-Back,FC Schalke 04,£18.00m  
132,"Feb 26, 1986 (33)",Previous Market Value: £11.70m,30.06.2019,Arsenal FC,left,"1,79 m","Jan 31, 2013",Nacho Monreal,Spain,18,Left-Back,Málaga CF,£9.00m  
133,"Mar 19, 1995 (23)",Previous Market Value: £36.00m,30.06.2023,Arsenal FC,right,"1,78 m","Jul 1, 2014",Héctor Bellerín,Spain,2,Right-Back,Arsenal FC U21,£36.00m  
134,"Feb 8, 1992 (27)",Previous Market Value: £3.15m,30.06.2019,Arsenal FC,right,"1,85 m","Jul 8, 2011",Carl Jenkinson,England,25,Right-Back,Charlton Athletic,£2.25m  
135,"Jan 16, 1984 (35)",Previous Market Value: £1.35m,30.06.2019,Arsenal FC,right,"1,82 m","Jul 1, 2018",Stephan Lichtsteiner,Switzerland,12,Right-Back,Juventus FC,£1.35m  
136,"Feb 11, 1996 (23)",Previous Market Value: £36.00m,30.06.2023,Arsenal FC,right,"1,68 m","Jul 10, 2018",Lucas Torreira,Uruguay,11,Defensive Midfield,UC Sampdoria,£49.50m  
137,"Sep 27, 1992 (26)",Previous Market Value: £36.00m,30.06.2023,Arsenal FC,left,"1,85 m","Jul 1, 2016",Granit Xhaka,Switzerland,34,Defensive Midfield,Borussia Mönchengladbach,£45.00m  
138,"Jul 11, 1992 (26)",Previous Market Value: £9.00m,30.06.2022,Arsenal FC,right,"1,80 m","Jan 14, 2016",Mohamed Elneny,Egypt,4,Defensive Midfield,FC Basel 1893,£9.00m  
139,"Dec 26, 1990 (28)",Previous Market Value: £40.50m,30.06.2019,Arsenal FC,both,"1,82 m","Jul 1, 2008",Aaron Ramsey,Wales,8,Central Midfield,Cardiff City,£36.00m  
140,"Apr 14, 1999 (19)",Previous Market Value: £18.00m,30.06.2022,Arsenal FC,right,"1,84 m","Jul 11, 2018",Mattéo Guendouzi,France,29,Central Midfield,FC Lorient,£27.00m  
141,"Jan 6, 1994 (25)",Previous Market Value: £13.50m,30.06.2019,Arsenal FC,right,"1,76 m","Jan 31, 2019",Denis Suárez,Spain,22,Central Midfield,FC Barcelona,£10.80m  
142,"Aug 29, 1997 (21)",Previous Market Value: £6.30m,30.06.2023,Arsenal FC,right,"1,77 m","Jul 1, 2017",Ainsley Maitland-Niles,England,15,Right Midfield,Arsenal FC U23,£6.30m  
143,"Oct 15, 1988 (30)",Previous Market Value: £40.50m,30.06.2021,Arsenal FC,left,"1,80 m","Sep 2, 2013",Mesut Özil,Germany,10,Attacking Midfield,Real Madrid,£31.50m  
144,"Jan 21, 1989 (30)",Previous Market Value: £31.50m,30.06.2021,Arsenal FC,both,"1,77 m","Jan 22, 2018",Henrikh Mkhitaryan,Armenia,7,Attacking Midfield,Manchester United,£27.00m  
145,"May 3, 1996 (22)",Previous Market Value: £16.20m,30.06.2022,Arsenal FC,right,"1,83 m","Jul 1, 2015",Alex Iwobi,Nigeria,17,Left Winger,Arsenal FC U21,£22.50m  
146,"Jun 18, 1989 (29)",Previous Market Value: £67.50m,30.06.2021,Arsenal FC,right,"1,87 m","Jan 31, 2018",Pierre-Emerick Aubameyang,Gabon,14,Centre-Forward,Borussia Dortmund,£67.50m  
147,"May 28, 1991 (27)",Previous Market Value: £58.50m,30.06.2022,Arsenal FC,right,"1,75 m","Jul 5, 2017",Alexandre Lacazette,France,9,Centre-Forward,Olympique Lyon,£58.50m  
148,"Nov 26, 1990 (28)",Previous Market Value: £13.50m,30.06.2019,Arsenal FC,right,"1,83 m","Sep 1, 2014",Danny Welbeck,England,23,Centre-Forward,Manchester United,£13.50m  
149,"Nov 5, 1986 (32)",Previous Market Value: £10.80m,30.06.2023,Leicester City,right,"1,89 m","Jul 1, 2011",Kasper Schmeichel,Denmark,1,Goalkeeper,Leeds United,£10.80m  
150,"Jun 22, 1993 (25)",Previous Market Value: £9.00m,30.06.2022,Leicester City,right,"1,91 m","Jul 20, 2018",Danny Ward,Wales,12,Goalkeeper,Liverpool FC,£9.00m  
151,"Oct 2, 1984 (34)",Previous Market Value: £900k,30.06.2020,Leicester City,right,"1,91 m","Jul 19, 2017",Eldin Jakupovic,Switzerland,17,Goalkeeper,Hull City,£900k  
152,"Mar 5, 1993 (26)",Previous Market Value: £40.50m,30.06.2023,Leicester City,right,"1,94 m","Jul 1, 2017",Harry Maguire,England,15,Centre-Back,Hull City,£40.50m  
153,"May 23, 1996 (22)",Previous Market Value: £16.20m,30.06.2023,Leicester City,right,"1,87 m","Aug 9, 2018",Caglar Söyüncü,Turkey,4,Centre-Back,SC Freiburg,£16.20m  
154,"Jan 3, 1988 (31)",Previous Market Value: £13.50m,30.06.2021,Leicester City,both,"1,88 m","Jul 1, 2018",Jonny Evans,Northern Ireland,6,Centre-Back,West Bromwich Albion,£10.80m  
155,"Jan 21, 1984 (35)",Previous Market Value: £2.70m,30.06.2019,Leicester City,right,"1,86 m","Jan 30, 2012",Wes Morgan,Jamaica,5,Centre-Back,Nottingham Forest,£2.25m  
156,"Dec 21, 1996 (22)",Previous Market Value: £13.50m,30.06.2024,Leicester City,left,"1,78 m","Jul 1, 2015",Ben Chilwell,England,3,Left-Back,Leicester City U23,£22.50m  
157,"Apr 7, 1986 (32)",Previous Market Value: £4.50m,30.06.2019,Leicester City,left,"1,87 m","Jul 1, 2015",Christian Fuchs,Austria,28,Left-Back,FC Schalke 04,£3.15m  
158,"Oct 6, 1993 (25)",Previous Market Value: £18.00m,30.06.2023,Leicester City,right,"1,75 m","Jul 1, 2018",Ricardo Pereira,Portugal,14,Right-Back,FC Porto,£18.00m  
159,"Jan 4, 1987 (32)",Previous Market Value: £4.50m,30.06.2019,Leicester City,right,"1,76 m","Aug 30, 2014",Danny Simpson,England,2,Right-Back,Queens Park Rangers,£3.60m  
160,"Dec 16, 1996 (22)",Previous Market Value: £31.50m,30.06.2024,Leicester City,right,"1,83 m","Jan 3, 2017",Wilfred Ndidi,Nigeria,25,Defensive Midfield,KRC Genk,£31.50m  
161,"Jun 23, 1992 (26)",Previous Market Value: £4.50m,30.06.2020,Leicester City,right,"1,67 m","Jul 3, 2016",Nampalys Mendy,France,24,Defensive Midfield,OGC Nice,£7.20m  
162,"Dec 21, 1994 (24)",Previous Market Value: £6.30m,30.06.2022,Leicester City,right,"1,86 m","Jan 22, 2016",Daniel Amartey,Ghana,18,Defensive Midfield,FC Copenhagen,£6.30m  
163,"Oct 1, 1997 (21)",Previous Market Value: £900k,30.06.2022,Leicester City,-,"1,78 m","Jan 1, 2018",Hamza Choudhury,England,38,Defensive Midfield,Leicester City U23,£900k  
164,"May 7, 1997 (21)",Previous Market Value: £16.20m,30.06.2019,Leicester City,right,"1,76 m","Jan 31, 2019",Youri Tielemans,Belgium,21,Central Midfield,AS Monaco,£19.80m  
165,"Jul 22, 1991 (27)",Previous Market Value: £1.35m,30.06.2022,Leicester City,right,"1,81 m","Jul 1, 2012",Matty James,England,22,Central Midfield,Manchester United U23,£1.35m  
166,"Nov 18, 1989 (29)",Previous Market Value: £9.00m,30.06.2022,Leicester City,right,"1,75 m","Jul 1, 2014",Marc Albrighton,England,11,Right Midfield,Aston Villa,£9.00m  
167,"Dec 9, 1997 (21)",Previous Market Value: £1.35m,30.06.2022,Leicester City,right,"1,80 m","Jul 1, 2017",Harvey Barnes,England,19,Left Midfield,Leicester City U23,£6.30m  
168,"Nov 23, 1996 (22)",Previous Market Value: £25.20m,30.06.2023,Leicester City,right,"1,75 m","Jul 1, 2018",James Maddison,England,10,Attacking Midfield,Norwich City,£27.00m  
169,"Jun 28, 1996 (22)",Previous Market Value: £18.00m,30.06.2021,Leicester City,right,"1,80 m","Jan 4, 2016",Demarai Gray,England,7,Left Winger,Birmingham City,£18.00m  
170,"May 9, 1992 (26)",Previous Market Value: £9.00m,30.06.2022,Leicester City,left,"1,82 m","Aug 5, 2018",Rachid Ghezzal,Algeria,31,Right Winger,AS Monaco,£9.00m  
171,"Jan 11, 1987 (32)",Previous Market Value: £18.00m,30.06.2022,Leicester City,right,"1,79 m","Jul 1, 2012",Jamie Vardy,England,9,Centre-Forward,Fleetwood Town,£18.00m  
172,"Oct 3, 1996 (22)",Previous Market Value: £13.50m,30.06.2022,Leicester City,left,"1,85 m","Aug 3, 2017",Kelechi Iheanacho,Nigeria,8,Centre-Forward,Manchester City,£13.50m  
173,"Apr 16, 1986 (32)",Previous Market Value: £5.40m,30.06.2019,Leicester City,both,"1,74 m","Jul 1, 2015",Shinji Okazaki,Japan,20,Centre-Forward,1.FSV Mainz 05,£4.50m  
174,"Apr 18, 1985 (33)",Previous Market Value: £4.50m,30.06.2021,West Ham United,right,"1,90 m","Jul 1, 2018",Lukasz Fabianski,Poland,1,Goalkeeper,Swansea City,£4.50m  
175,"Jan 3, 1987 (32)",Previous Market Value: £4.50m,30.06.2019,West Ham United,right,"1,90 m","Jul 1, 2013",Adrián,Spain,13,Goalkeeper,Real Betis Balompié,£3.60m  
176,"Jan 9, 1997 (22)",Previous Market Value: £22.50m,30.06.2023,West Ham United,right,"1,94 m","Jul 1, 2018",Issa Diop,France,23,Centre-Back,FC Toulouse,£27.00m  
177,"Aug 23, 1991 (27)",Previous Market Value: £5.40m,30.06.2021,West Ham United,right,"1,88 m","Jul 14, 2018",Fabián Balbuena,Paraguay,4,Centre-Back,Sport Club Corinthians Paulista,£8.10m  
178,"May 23, 1988 (30)",Previous Market Value: £8.10m,30.06.2022,West Ham United,left,"1,91 m","Jul 10, 2015",Angelo Ogbonna,Italy,21,Centre-Back,Juventus FC,£7.20m  
179,"Jul 3, 1988 (30)",Previous Market Value: £6.30m,30.06.2023,West Ham United,right,"1,91 m","Aug 5, 2010",Winston Reid,New Zealand,2,Centre-Back,FC Midtjylland,£6.30m  
180,"Dec 15, 1989 (29)",Previous Market Value: £10.80m,30.06.2021,West Ham United,left,"1,70 m","Jul 3, 2014",Aaron Cresswell,England,3,Left-Back,Ipswich Town,£9.00m  
181,"Nov 7, 1993 (25)",Previous Market Value: £6.30m,30.06.2020,West Ham United,left,"1,79 m","Aug 8, 2016",Arthur Masuaku,DR Congo,26,Left-Back,Olympiacos Piraeus,£6.30m  
182,"Jan 16, 1985 (34)",Previous Market Value: £4.50m,30.06.2019,West Ham United,right,"1,76 m","Jul 1, 2017",Pablo Zabaleta,Argentina,5,Right-Back,Manchester City,£3.60m  
183,"Oct 10, 1992 (26)",Previous Market Value: £3.60m,30.06.2022,West Ham United,right,"1,81 m","Jul 1, 2018",Ryan Fredericks,England,24,Right-Back,Fulham FC,£3.60m  
184,"Jan 14, 1999 (20)",Previous Market Value: £18.00m,30.06.2024,West Ham United,right,"1,85 m","Jul 1, 2017",Declan Rice,England,41,Defensive Midfield,West Ham United U23,£31.50m  
185,"Feb 6, 1986 (33)",Previous Market Value: £1.35m,30.06.2020,West Ham United,left,"1,82 m","Aug 9, 2018",Carlos Sánchez,Colombia,15,Defensive Midfield,ACF Fiorentina,£1.35m  
186,"Jan 1, 1992 (27)",Previous Market Value: £16.20m,30.06.2021,West Ham United,left,"1,72 m","Jul 9, 2018",Jack Wilshere,England,19,Central Midfield,Arsenal FC,£13.50m  
187,"Mar 27, 1992 (26)",Previous Market Value: £7.20m,30.06.2022,West Ham United,right,"1,86 m","Jul 1, 2015",Pedro Obiang,Equatorial Guinea,14,Central Midfield,UC Sampdoria,£7.20m  
188,"May 8, 1987 (31)",Previous Market Value: £6.30m,30.06.2021,West Ham United,right,"1,80 m","Jan 1, 2005",Mark Noble,England,16,Central Midfield,West Ham United U18,£6.30m  
189,"Feb 15, 1993 (26)",Previous Market Value: £18.00m,30.06.2020,West Ham United,right,"1,67 m","Jul 1, 2016",Manuel Lanzini,Argentina,10,Attacking Midfield,Al-Jazira (Abu Dhabi),£18.00m  
190,"Jun 26, 1987 (31)",Previous Market Value: £9.00m,30.06.2019,West Ham United,right,"1,77 m","Jan 1, 2019",Samir Nasri,France,18,Attacking Midfield,Disqualification,£5.40m  
191,"Apr 15, 1993 (25)",Previous Market Value: £31.50m,30.06.2022,West Ham United,right,"1,75 m","Jul 15, 2018",Felipe Anderson,Brazil,8,Left Winger,SS Lazio,£36.00m  
192,"Oct 23, 1989 (29)",Previous Market Value: £18.00m,30.06.2022,West Ham United,left,"1,90 m","Jul 11, 2018",Andrii Yarmolenko,Ukraine,20,Right Winger,Borussia Dortmund,£18.00m  
193,"Mar 28, 1990 (28)",Previous Market Value: £13.50m,30.06.2021,West Ham United,right,"1,80 m","Sep 1, 2015",Michail Antonio,England,30,Right Winger,Nottingham Forest,£10.80m  
194,"Sep 7, 1987 (31)",Previous Market Value: £6.30m,30.06.2020,West Ham United,left,"1,82 m","Jan 27, 2017",Robert Snodgrass,Scotland,11,Right Winger,Hull City,£6.30m  
195,"Apr 19, 1998 (20)",Previous Market Value: £1.35m,30.06.2025,West Ham United,left,"1,80 m","Jul 1, 2018",Grady Diangana,England,45,Right Winger,West Ham United U23,£3.15m  
196,"Apr 19, 1989 (29)",Previous Market Value: £22.50m,30.06.2023,West Ham United,both,"1,92 m","Jul 22, 2017",Marko Arnautovic,Austria,7,Centre-Forward,Stoke City,£31.50m  
197,"Jun 1, 1988 (30)",Previous Market Value: £10.80m,30.06.2020,West Ham United,right,"1,75 m","Jul 24, 2017",Chicharito,Mexico,17,Centre-Forward,Bayer 04 Leverkusen,£10.80m  
198,"Jan 6, 1989 (30)",Previous Market Value: £9.00m,30.06.2019,West Ham United,left,"1,93 m","Jul 1, 2013",Andy Carroll,England,9,Centre-Forward,Liverpool FC,£7.20m  
199,"Sep 10, 1988 (30)",Previous Market Value: £5.40m,30.06.2021,West Ham United,left,"1,80 m","Aug 9, 2018",Lucas Pérez,Spain,27,Centre-Forward,Arsenal FC,£4.50m  
200,"Jan 24, 1987 (32)",Previous Market Value: £3.60m,30.06.2021,Crystal Palace,right,"1,97 m","Jan 31, 2014",Wayne Hennessey,Wales,13,Goalkeeper,Wolverhampton Wanderers,£4.50m  
201,"Jan 10, 1987 (32)",Previous Market Value: £4.50m,30.06.2021,Crystal Palace,right,"1,90 m","Jul 1, 2018",Vicente Guaita,Spain,31,Goalkeeper,Getafe CF,£4.50m  
202,"May 18, 1979 (39)",Previous Market Value: £225k,30.06.2019,Crystal Palace,right,"1,86 m","Jul 13, 2004",Julián Speroni,Argentina,1,Goalkeeper,Dundee FC,£225k  
203,"Dec 10, 1997 (21)",Previous Market Value: £45k,30.06.2019,Crystal Palace,-,"1,97 m","Jan 24, 2019",Lucas Perri,Brazil,22,Goalkeeper,São Paulo Futebol Clube,£225k  
204,"Feb 13, 1990 (29)",Previous Market Value: £13.50m,30.06.2021,Crystal Palace,left,"1,87 m","Aug 31, 2017",Mamadou Sakho,France,12,Centre-Back,Liverpool FC,£13.50m  
205,"Mar 29, 1989 (29)",Previous Market Value: £7.20m,30.06.2021,Crystal Palace,right,"1,92 m","Jul 5, 2016",James Tomkins,England,5,Centre-Back,West Ham United,£7.20m  
206,"Sep 9, 1996 (22)",Previous Market Value: £4.50m,30.06.2022,Crystal Palace,left,"1,82 m","Jul 24, 2017",Jairo Riedewald,Netherlands,44,Centre-Back,Ajax Amsterdam,£4.50m  
207,"Feb 14, 1987 (32)",Previous Market Value: £4.50m,30.06.2020,Crystal Palace,right,"1,89 m","Jan 31, 2014",Scott Dann,England,6,Centre-Back,Blackburn Rovers,£3.60m  
208,"Jun 5, 1995 (23)",Previous Market Value: £68k,-,Crystal Palace,right,"1,97 m","Jul 1, 2013",Ryan Inniss,England,33,Centre-Back,Crystal Palace U18,£135k  
209,"Aug 29, 1990 (28)",Previous Market Value: £8.10m,30.06.2021,Crystal Palace,left,"1,76 m","Jan 30, 2017",Patrick van Aanholt,Netherlands,3,Left-Back,Sunderland AFC,£8.10m  
210,"Jun 6, 1990 (28)",Previous Market Value: £3.15m,30.06.2019,Crystal Palace,left,"1,78 m","Feb 1, 2015",Pape Souaré,Senegal,27,Left-Back,LOSC Lille,£2.70m  
211,"Nov 26, 1997 (21)",Previous Market Value: £9.00m,30.06.2022,Crystal Palace,right,"1,83 m","Jan 1, 2018",Aaron Wan-Bissaka,England,29,Right-Back,Crystal Palace U23,£22.50m  
212,"Oct 29, 1989 (29)",Previous Market Value: £4.50m,30.06.2021,Crystal Palace,right,"1,86 m","Jul 1, 2012",Joel Ward,England,2,Right-Back,Portsmouth FC,£3.60m  
213,"Apr 27, 1990 (28)",Previous Market Value: £2.70m,30.06.2021,Crystal Palace,right,"1,91 m","Aug 14, 2014",Martin Kelly,England,34,Right-Back,Liverpool FC,£2.70m  
214,"Apr 7, 1991 (27)",Previous Market Value: £13.50m,30.06.2020,Crystal Palace,right,"1,86 m","Jan 31, 2017",Luka Milivojevic,Serbia,4,Defensive Midfield,Olympiacos Piraeus,£18.00m  
215,"Dec 21, 1989 (29)",Previous Market Value: £9.00m,30.06.2022,Crystal Palace,right,"1,89 m","Aug 2, 2018",Cheikhou Kouyaté,Senegal,8,Defensive Midfield,West Ham United,£9.00m  
216,"Oct 7, 1987 (31)",Previous Market Value: £5.40m,30.06.2021,Crystal Palace,both,"1,78 m","Sep 1, 2014",James McArthur,Scotland,18,Central Midfield,Wigan Athletic,£5.40m  
217,"Dec 23, 1992 (26)",Previous Market Value: £8.10m,30.06.2021,Crystal Palace,left,"1,78 m","Jan 13, 2017",Jeffrey Schlupp,Ghana,15,Left Midfield,Leicester City,£8.10m  
218,"Sep 18, 1995 (23)",Previous Market Value: £16.20m,30.06.2021,Crystal Palace,right,"1,73 m","Aug 2, 2018",Max Meyer,Germany,7,Attacking Midfield,FC Schalke 04,£16.20m  
219,"Apr 26, 1988 (30)",Previous Market Value: £4.50m,30.06.2019,Crystal Palace,left,"1,83 m","Jan 27, 2019",Bakary Sako,Mali,26,Left Winger,West Bromwich Albion,£4.50m  
220,"Nov 10, 1992 (26)",Previous Market Value: £27.00m,30.06.2023,Crystal Palace,right,"1,80 m","Feb 2, 2015",Wilfried Zaha,Cote d'Ivoire,11,Right Winger,Manchester United,£31.50m  
221,"Jul 16, 1991 (27)",Previous Market Value: £13.50m,30.06.2021,Crystal Palace,left,"1,81 m","Jul 1, 2016",Andros Townsend,England,10,Right Winger,Newcastle United,£13.50m  
222,"Oct 2, 1993 (25)",Previous Market Value: £36.00m,31.05.2019,Crystal Palace,right,"1,84 m","Jan 31, 2019",Michy Batshuayi,Belgium,23,Centre-Forward,Chelsea FC,£27.00m  
223,"Dec 3, 1990 (28)",Previous Market Value: £19.80m,30.06.2020,Crystal Palace,right,"1,90 m","Aug 20, 2016",Christian Benteke,Belgium,17,Centre-Forward,Liverpool FC,£18.00m  
224,"Sep 11, 1991 (27)",Previous Market Value: £7.20m,30.06.2023,Crystal Palace,right,"1,82 m","Jan 31, 2019",Jordan Ayew,Ghana,14,Centre-Forward,Swansea City,£7.20m  
225,"Mar 31, 1993 (25)",Previous Market Value: £4.50m,30.06.2020,Crystal Palace,right,"1,89 m","Aug 3, 2015",Connor Wickham,England,21,Centre-Forward,Sunderland AFC,£3.15m  
226,"Jun 20, 1987 (31)",Previous Market Value: £7.20m,30.06.2021,AFC Bournemouth,right,"1,98 m","Jul 1, 2017",Asmir Begovic,Bosnia-Herzegovina,27,Goalkeeper,Chelsea FC,£7.20m  
227,"Feb 20, 1980 (39)",Previous Market Value: £900k,30.06.2019,AFC Bournemouth,right,"1,93 m","Jul 1, 2015",Artur Boruc,Poland,1,Goalkeeper,Southampton FC,£900k  
228,"Feb 18, 1995 (24)",Previous Market Value: £22.50m,30.06.2022,AFC Bournemouth,left,"1,80 m","Jul 1, 2017",Nathan Aké,Netherlands,5,Centre-Back,Chelsea FC,£25.20m  
229,"Nov 5, 1997 (21)",Previous Market Value: £7.20m,30.06.2023,AFC Bournemouth,-,"1,91 m","Jan 22, 2019",Chris Mepham,Wales,33,Centre-Back,Brentford FC,£10.80m  
230,"Apr 19, 1991 (27)",Previous Market Value: £9.00m,30.06.2021,AFC Bournemouth,right,"1,85 m","Jan 3, 2012",Steve Cook,England,3,Centre-Back,Brighton & Hove Albion,£9.00m  
231,"Jan 8, 1997 (22)",Previous Market Value: £225k,30.06.2020,AFC Bournemouth,left,m,"Jan 1, 2018",Jack Simpson,England,25,Centre-Back,AFC Bournemouth U21,£450k  
232,"Feb 23, 1993 (26)",Previous Market Value: £9.00m,30.06.2022,AFC Bournemouth,left,"1,83 m","Jul 24, 2018",Diego Rico,Spain,21,Left-Back,CD Leganés,£9.00m  
233,"Sep 7, 1986 (32)",Previous Market Value: £3.15m,30.06.2020,AFC Bournemouth,left,"1,78 m","Jan 1, 2012",Charlie Daniels,England,11,Left-Back,Leyton Orient,£3.15m  
234,"Apr 5, 1991 (27)",Previous Market Value: £18.00m,31.05.2019,AFC Bournemouth,right,"1,75 m","Jan 4, 2019",Nathaniel Clyne,England,23,Right-Back,Liverpool FC,£13.50m  
235,"Apr 29, 1991 (27)",Previous Market Value: £4.50m,30.06.2021,AFC Bournemouth,right,"1,74 m","Jan 28, 2014",Adam Smith,England,15,Right-Back,Tottenham Hotspur,£4.50m  
236,"Feb 16, 1985 (34)",Previous Market Value: £2.25m,30.06.2020,AFC Bournemouth,right,"1,91 m","Jan 9, 2012",Simon Francis,England,2,Right-Back,Charlton Athletic,£2.25m  
237,"Oct 25, 1994 (24)",Previous Market Value: £22.50m,30.06.2023,AFC Bournemouth,right,"1,79 m","Aug 7, 2018",Jefferson Lerma,Colombia,8,Defensive Midfield,Levante UD,£22.50m  
238,"Feb 3, 1997 (22)",Previous Market Value: £18.00m,30.06.2022,AFC Bournemouth,right,"1,75 m","Jul 8, 2016",Lewis Cook,England,16,Central Midfield,Leeds United,£18.00m  
239,"Feb 1, 1990 (29)",Previous Market Value: £3.15m,30.06.2021,AFC Bournemouth,right,"1,80 m","Jul 1, 2014",Dan Gosling,England,4,Central Midfield,Newcastle United,£3.15m  
240,"Aug 20, 1986 (32)",Previous Market Value: £2.25m,30.06.2020,AFC Bournemouth,left,"1,78 m","Sep 1, 2014",Andrew Surman,England,6,Central Midfield,Norwich City,£2.25m  
241,"Apr 7, 1996 (22)",Previous Market Value: £900k,30.06.2020,AFC Bournemouth,right,"1,70 m","Jul 1, 2016",Emerson Hyndman,United States,22,Central Midfield,Fulham FC,£900k  
242,"Jul 8, 1997 (21)",Previous Market Value: £10.80m,30.06.2022,AFC Bournemouth,left,"1,73 m","Jul 1, 2018",David Brooks,Wales,20,Attacking Midfield,Sheffield United,£18.00m  
243,"Feb 24, 1994 (25)",Previous Market Value: £13.50m,30.06.2020,AFC Bournemouth,right,"1,63 m","Jan 18, 2013",Ryan Fraser,Scotland,24,Left Winger,Aberdeen FC,£16.20m  
244,"Nov 26, 1989 (29)",Previous Market Value: £4.05m,30.06.2021,AFC Bournemouth,right,"1,83 m","Jul 1, 2014",Junior Stanislas,England,19,Left Winger,Burnley FC,£4.05m  
245,"Dec 8, 1995 (23)",Previous Market Value: £8.10m,30.06.2020,AFC Bournemouth,right,"1,76 m","Jul 14, 2016",Jordon Ibe,England,10,Right Winger,Liverpool FC,£8.10m  
246,"Jan 15, 1992 (27)",Previous Market Value: £13.50m,30.06.2021,AFC Bournemouth,right,"1,81 m","Jul 1, 2015",Joshua King,Norway,17,Second Striker,Blackburn Rovers,£13.50m  
247,"Feb 27, 1992 (27)",Previous Market Value: £13.50m,30.06.2022,AFC Bournemouth,right,"1,80 m","Jul 4, 2014",Callum Wilson,England,13,Centre-Forward,Coventry City,£22.50m  
248,"Sep 14, 1997 (21)",Previous Market Value: £9.00m,30.06.2022,AFC Bournemouth,right,"1,86 m","Jan 4, 2019",Dominic Solanke,England,29,Centre-Forward,Liverpool FC,£16.20m  
249,"Feb 8, 1996 (23)",Previous Market Value: £3.60m,30.06.2020,AFC Bournemouth,right,"1,84 m","Jul 1, 2016",Lys Mousset,France,9,Centre-Forward,AC Le Havre,£3.15m  
250,"Sep 1, 1993 (25)",Previous Market Value: £10.80m,30.06.2019,Fulham FC,right,"1,94 m","Aug 9, 2018",Sergio Rico,Spain,25,Goalkeeper,Sevilla FC,£10.80m  
251,"Dec 31, 1987 (31)",Previous Market Value: £4.50m,30.06.2021,Fulham FC,-,"1,84 m","Jul 24, 2018",Fabri,Spain,31,Goalkeeper,Besiktas JK,£4.50m  
252,"May 24, 1992 (26)",Previous Market Value: £3.60m,30.06.2021,Fulham FC,right,"1,94 m","Jul 1, 2012",Marcus Bettinelli,England,1,Goalkeeper,Fulham FC U23,£3.60m  
253,"Jan 19, 1994 (25)",Previous Market Value: £13.50m,30.06.2022,Fulham FC,left,"1,88 m","Aug 2, 2018",Alfie Mawson,England,26,Centre-Back,Swansea City,£13.50m  
254,"Jan 20, 1995 (24)",Previous Market Value: £12.60m,31.05.2019,Fulham FC,right,"1,83 m","Aug 7, 2018",Calum Chambers,England,5,Centre-Back,Arsenal FC,£12.60m  
255,"Oct 11, 1989 (29)",Previous Market Value: £4.50m,30.06.2022,Fulham FC,left,"1,85 m","Jul 12, 2018",Maxime Le Marchand,France,20,Centre-Back,OGC Nice,£4.50m  
256,"Oct 5, 1987 (31)",Previous Market Value: £3.15m,30.06.2020,Fulham FC,left,"1,86 m","Aug 20, 2015",Tim Ream,United States,13,Centre-Back,Bolton Wanderers,£3.15m  
257,"Oct 8, 1993 (25)",Previous Market Value: £450k,30.06.2020,Fulham FC,right,"1,93 m","Jul 3, 2017",Marcelo Djaló,Guinea-Bissau,-,Centre-Back,CD Lugo,£450k  
258,"Sep 17, 1993 (25)",Previous Market Value: £5.40m,30.06.2022,Fulham FC,left,"1,73 m","Aug 9, 2018",Joe Bryan,England,23,Left-Back,Bristol City,£5.40m  
259,"Jan 2, 1998 (21)",Previous Market Value: £6.30m,31.05.2019,Fulham FC,right,"1,90 m","Aug 9, 2018",Tim Fosu-Mensah,Netherlands,21,Right-Back,Manchester United,£6.30m  
260,"Sep 30, 1992 (26)",Previous Market Value: £2.70m,30.06.2021,Fulham FC,right,"1,88 m","Jan 31, 2018",Cyrus Christie,Ireland,22,Right-Back,Middlesbrough FC,£3.15m  
261,"May 27, 1988 (30)",Previous Market Value: £1.35m,30.06.2019,Fulham FC,right,"1,78 m","Jul 14, 2016",Denis Odoi,Belgium,4,Right-Back,KSC Lokeren,£1.80m  
262,"Nov 16, 1995 (23)",Previous Market Value: £22.50m,30.06.2023,Fulham FC,right,"1,84 m","Aug 9, 2018",André Zambo Anguissa,Cameroon,29,Defensive Midfield,Olympique Marseille,£22.50m  
263,"Nov 4, 1988 (30)",Previous Market Value: £3.60m,30.06.2020,Fulham FC,right,"1,92 m","Jul 22, 2016",Kevin McDonald,Scotland,6,Defensive Midfield,Wolverhampton Wanderers,£3.60m  
264,"Jun 21, 1990 (28)",Previous Market Value: £3.60m,30.06.2019,Fulham FC,right,"1,88 m","Jan 31, 2019",Havard Nordtveit,Norway,16,Defensive Midfield,TSG 1899 Hoffenheim,£3.60m  
265,"Feb 28, 1994 (25)",Previous Market Value: £1.35m,30.06.2020,Fulham FC,right,"1,80 m","Jul 7, 2017",Ibrahima Cissé,Guinea,44,Defensive Midfield,Standard Liège,£1.35m  
266,"Jul 19, 1991 (27)",Previous Market Value: £27.00m,30.06.2022,Fulham FC,right,"1,70 m","Jul 12, 2018",Jean Michaël Seri,Cote d'Ivoire,24,Central Midfield,OGC Nice,£27.00m  
267,"Jan 20, 1991 (28)",Previous Market Value: £16.20m,30.06.2023,Fulham FC,left,"1,85 m","Jul 1, 2015",Tom Cairney,Scotland,10,Central Midfield,Blackburn Rovers,£13.50m  
268,"May 23, 1998 (20)",Previous Market Value: £450k,30.06.2020,Fulham FC,right,"1,77 m","Jul 1, 2017",Luca de la Torre,United States,36,Right Midfield,Fulham FC U23,£450k  
269,"May 18, 2000 (18)",Previous Market Value: £31.50m,30.06.2020,Fulham FC,left,"1,78 m","Jul 1, 2016",Ryan Sessegnon,England,3,Left Midfield,Fulham FC U18,£31.50m  
270,"Mar 10, 1992 (27)",Previous Market Value: £2.70m,30.06.2019,Fulham FC,right,"1,70 m","Aug 26, 2016",Neeskens Kebano,DR Congo,7,Attacking Midfield,KRC Genk,£2.70m  
271,"Nov 6, 1990 (28)",Previous Market Value: £13.50m,30.06.2020,Fulham FC,right,"1,84 m","Jul 25, 2018",André Schürrle,Germany,14,Left Winger,Borussia Dortmund,£13.50m  
272,"Dec 19, 1986 (32)",Previous Market Value: £5.85m,30.06.2019,Fulham FC,right,"1,85 m","Jan 15, 2019",Ryan Babel,Netherlands,12,Left Winger,Besiktas JK,£4.50m  
273,"Dec 15, 1988 (30)",Previous Market Value: £2.70m,30.06.2019,Fulham FC,right,"1,75 m","Jul 1, 2016",Floyd Ayité,Togo,11,Left Winger,SC Bastia,£2.25m  
274,"Mar 2, 1994 (25)",Previous Market Value: £4.50m,30.06.2019,Fulham FC,right,"1,75 m","Jan 31, 2019",Lazar Markovic,Serbia,30,Right Winger,Liverpool FC,£4.50m  
275,"Sep 16, 1994 (24)",Previous Market Value: £22.50m,30.06.2023,Fulham FC,right,"1,88 m","Jul 30, 2018",Aleksandar Mitrovic,Serbia,9,Centre-Forward,Newcastle United,£22.50m  
276,"Dec 5, 1993 (25)",Previous Market Value: £5.40m,30.06.2019,Fulham FC,right,"1,73 m","Aug 9, 2018",Luciano Vietto,Argentina,19,Centre-Forward,Atlético Madrid,£5.40m  
277,"Feb 15, 1988 (31)",Previous Market Value: £14.40m,30.06.2022,Wolverhampton Wanderers,left,"1,90 m","Jul 1, 2018",Rui Patrício,Portugal,11,Goalkeeper,Sporting CP,£16.20m  
278,"Oct 24, 1986 (32)",Previous Market Value: £2.70m,30.06.2020,Wolverhampton Wanderers,left,"1,92 m","Jul 10, 2017",John Ruddy,England,21,Goalkeeper,Norwich City,£2.70m  
279,"Aug 12, 1993 (25)",Previous Market Value: £225k,30.06.2021,Wolverhampton Wanderers,-,"1,91 m","Jul 11, 2017",Will Norris,England,31,Goalkeeper,Cambridge United,£225k  
280,"Feb 3, 1991 (28)",Previous Market Value: £9.00m,30.06.2021,Wolverhampton Wanderers,right,"1,95 m","Jul 1, 2018",Willy Boly,France,15,Centre-Back,FC Porto,£9.00m  
281,"Feb 25, 1993 (26)",Previous Market Value: £6.30m,30.06.2023,Wolverhampton Wanderers,right,"1,85 m","Jul 3, 2015",Conor Coady,England,16,Centre-Back,Huddersfield Town,£7.20m  
282,"Mar 6, 1990 (29)",Previous Market Value: £4.50m,30.06.2021,Wolverhampton Wanderers,right,"1,88 m","Jul 1, 2017",Ryan Bennett,England,5,Centre-Back,Norwich City,£4.50m  
283,"Mar 3, 1994 (25)",Previous Market Value: £10.80m,30.06.2023,Wolverhampton Wanderers,both,"1,70 m","Jan 31, 2019",Jonny Castro,Spain,19,Left-Back,Atlético Madrid,£16.20m  
284,"Apr 9, 1999 (19)",Previous Market Value: £1.80m,30.06.2023,Wolverhampton Wanderers,left,"1,74 m","Jul 1, 2018",Rúben Vinagre,Portugal,29,Left-Back,AS Monaco,£4.50m  
285,"Jan 16, 1992 (27)",Previous Market Value: £9.00m,30.06.2023,Wolverhampton Wanderers,right,"1,86 m","Jul 1, 2010",Matt Doherty,Ireland,2,Right-Back,Bohemian Football Club Dublin,£13.50m  
286,"Mar 13, 1997 (22)",Previous Market Value: £36.00m,30.06.2023,Wolverhampton Wanderers,right,"1,80 m","Jul 8, 2017",Rúben Neves,Portugal,8,Defensive Midfield,FC Porto,£36.00m  
287,"Apr 15, 1995 (23)",Previous Market Value: £15.30m,30.06.2019,Wolverhampton Wanderers,right,"1,88 m","Aug 9, 2018",Leander Dendoncker,Belgium,32,Defensive Midfield,RSC Anderlecht,£13.50m  
288,"Mar 26, 1990 (28)",Previous Market Value: £5.40m,30.06.2021,Wolverhampton Wanderers,right,"1,88 m","Aug 30, 2016",Romain Saïss,Morocco,27,Defensive Midfield,SCO Angers,£4.50m  
289,"Sep 8, 1986 (32)",Previous Market Value: £9.00m,30.06.2020,Wolverhampton Wanderers,right,"1,70 m","Jul 24, 2018",João Moutinho,Portugal,28,Central Midfield,AS Monaco,£9.00m  
290,"Jan 27, 2000 (19)",Previous Market Value: £2.70m,30.06.2022,Wolverhampton Wanderers,right,"1,71 m","Jan 1, 2018",Morgan Gibbs-White,England,17,Central Midfield,Wolverhampton Wanderers U18,£4.50m  
291,"Dec 4, 1996 (22)",Previous Market Value: £16.20m,30.06.2022,Wolverhampton Wanderers,right,"1,78 m","Jul 1, 2018",Diogo Jota,Portugal,18,Left Winger,Atlético Madrid,£16.20m  
292,"Jan 25, 1996 (23)",Previous Market Value: £16.20m,30.06.2023,Wolverhampton Wanderers,right,"1,78 m","Aug 8, 2018",Adama Traoré,Spain,37,Right Winger,Middlesbrough FC,£16.20m  
293,"Jan 12, 1994 (25)",Previous Market Value: £13.50m,30.06.2021,Wolverhampton Wanderers,left,"1,79 m","Jan 30, 2017",Hélder Costa,Portugal,10,Right Winger,SL Benfica,£13.50m  
294,"Oct 18, 1993 (25)",Previous Market Value: £9.00m,30.06.2021,Wolverhampton Wanderers,right,"1,75 m","Aug 31, 2016",Ivan Cavaleiro,Portugal,7,Right Winger,AS Monaco,£9.00m  
295,"May 5, 1991 (27)",Previous Market Value: £16.20m,30.06.2019,Wolverhampton Wanderers,right,"1,88 m","Jul 1, 2018",Raúl Jiménez,Mexico,9,Centre-Forward,SL Benfica,£22.50m  
296,"Jan 22, 1996 (23)",Previous Market Value: £9.00m,30.06.2023,Southampton FC,right,"1,96 m","Jul 10, 2018",Angus Gunn,England,28,Goalkeeper,Manchester City,£9.00m  
297,"Mar 17, 1988 (30)",Previous Market Value: £10.80m,30.06.2022,Southampton FC,right,"2,01 m","Aug 9, 2014",Fraser Forster,England,44,Goalkeeper,Celtic FC,£9.00m  
298,"Dec 3, 1989 (29)",Previous Market Value: £3.60m,30.06.2022,Southampton FC,right,"1,93 m","Aug 1, 2016",Alex McCarthy,England,1,Goalkeeper,Crystal Palace,£4.50m  
299,"Jan 31, 1995 (24)",Previous Market Value: £90k,30.06.2020,Southampton FC,-,"1,90 m","Aug 14, 2017",Jack Rose,England,62,Goalkeeper,West Bromwich Albion U23,£90k  
300,"Aug 3, 1992 (26)",Previous Market Value: £18.00m,30.06.2022,Southampton FC,both,"1,99 m","Jul 13, 2018",Jannik Vestergaard,Denmark,4,Centre-Back,Borussia Mönchengladbach,£18.00m  
301,"Jan 27, 1994 (25)",Previous Market Value: £7.20m,30.06.2022,Southampton FC,right,"1,85 m","Jul 1, 2013",Jack Stephens,England,5,Centre-Back,Southampton FC U21,£7.20m  
302,"Apr 12, 1996 (22)",Previous Market Value: £4.50m,30.06.2022,Southampton FC,right,"1,89 m","Jul 1, 2017",Jan Bednarek,Poland,35,Centre-Back,Lech Poznan,£7.20m  
303,"Aug 24, 1988 (30)",Previous Market Value: £6.30m,30.06.2020,Southampton FC,right,"1,89 m","Aug 30, 2012",Maya Yoshida,Japan,3,Centre-Back,VVV-Venlo,£6.30m  
304,"Aug 5, 1989 (29)",Previous Market Value: £18.00m,30.06.2021,Southampton FC,left,"1,79 m","Feb 2, 2015",Ryan Bertrand,England,21,Left-Back,Chelsea FC,£16.20m  
305,"Sep 18, 1995 (23)",Previous Market Value: £6.30m,30.06.2022,Southampton FC,left,"1,83 m","Jul 1, 2014",Matt Targett,England,33,Left-Back,Southampton FC U21,£6.30m  
306,"Feb 22, 1999 (20)",Previous Market Value: -,30.06.2020,Southampton FC,right,"1,80 m","Jan 1, 2019",Yan Valery,France,43,Right-Back,Southampton FC U23,£2.25m  
307,"Sep 1, 1993 (25)",Previous Market Value: £13.50m,30.06.2022,Southampton FC,right,"1,84 m","Aug 8, 2017",Mario Lemina,Gabon,18,Defensive Midfield,Juventus FC,£13.50m  
308,"Sep 24, 1991 (27)",Previous Market Value: £10.80m,30.06.2021,Southampton FC,right,"1,83 m","Aug 12, 2015",Oriol Romeu,Spain,14,Defensive Midfield,Chelsea FC,£10.80m  
309,"Nov 1, 1994 (24)",Previous Market Value: £16.20m,30.06.2022,Southampton FC,right,"1,77 m","Jul 1, 2012",James Ward-Prowse,England,16,Central Midfield,Southampton FC U18,£13.50m  
310,"Aug 5, 1995 (23)",Previous Market Value: £10.80m,30.06.2021,Southampton FC,right,"1,85 m","Jul 11, 2016",Pierre-Emile Höjbjerg,Denmark,23,Central Midfield,Bayern Munich,£10.80m  
311,"Mar 30, 1992 (26)",Previous Market Value: £6.30m,30.06.2022,Southampton FC,right,"1,83 m","Jul 1, 2018",Stuart Armstrong,Scotland,17,Central Midfield,Celtic FC,£7.20m  
312,"Mar 6, 1994 (25)",Previous Market Value: £16.20m,30.06.2021,Southampton FC,right,"1,73 m","Jul 1, 2016",Nathan Redmond,England,22,Left Winger,Norwich City,£16.20m  
313,"Aug 4, 1994 (24)",Previous Market Value: £13.50m,30.06.2023,Southampton FC,right,"1,78 m","Jul 1, 2018",Mohamed Elyounoussi,Norway,11,Left Winger,FC Basel 1893,£13.50m  
314,"Mar 28, 1997 (21)",Previous Market Value: £675k,30.06.2020,Southampton FC,left,"1,68 m","Jan 1, 2017",Josh Sims,England,39,Right Winger,Southampton FC U23,£900k  
315,"Jul 23, 1992 (26)",Previous Market Value: £9.00m,30.06.2019,Southampton FC,right,"1,78 m","Aug 9, 2018",Danny Ings,England,9,Centre-Forward,Liverpool FC,£10.80m  
316,"Jul 5, 1989 (29)",Previous Market Value: £9.00m,30.06.2020,Southampton FC,right,"1,88 m","Jan 16, 2016",Charlie Austin,England,10,Centre-Forward,Queens Park Rangers,£9.00m  
317,"Jan 22, 1987 (32)",Previous Market Value: £6.30m,30.06.2020,Southampton FC,both,"1,80 m","Aug 14, 2014",Shane Long,Ireland,7,Centre-Forward,Hull City,£6.30m  
318,"Sep 15, 1995 (23)",Previous Market Value: £2.70m,30.06.2021,Southampton FC,right,"1,93 m","Jan 1, 2014",Sam Gallagher,England,15,Centre-Forward,Southampton FC U18,£2.70m  
319,"Jul 6, 2000 (18)",Previous Market Value: -,30.06.2022,Southampton FC,right,"1,70 m","Jan 1, 2019",Michael Obafemi,Ireland,61,Centre-Forward,Southampton FC U23,£900k  
320,"Jan 15, 1989 (30)",Previous Market Value: £3.60m,30.06.2022,Newcastle United,right,"1,91 m","Jul 1, 2018",Martin Dubravka,Slovakia,12,Goalkeeper,AC Sparta Praha,£4.50m  
321,"Oct 8, 1990 (28)",Previous Market Value: £4.05m,30.06.2020,Newcastle United,right,"1,90 m","Aug 9, 2014",Karl Darlow,England,26,Goalkeeper,Nottingham Forest,£3.15m  
322,"Apr 30, 1986 (32)",Previous Market Value: £1.35m,30.06.2020,Newcastle United,left,"1,90 m","Aug 30, 2011",Rob Elliot,Ireland,1,Goalkeeper,Charlton Athletic,£1.35m  
323,"Mar 4, 1997 (22)",Previous Market Value: £450k,30.06.2020,Newcastle United,right,"1,88 m","Jul 1, 2014",Freddie Woodman,England,41,Goalkeeper,Newcastle United U18,£450k  
324,"Nov 11, 1993 (25)",Previous Market Value: £13.50m,30.06.2024,Newcastle United,right,"1,88 m","Aug 9, 2014",Jamaal Lascelles,England,6,Centre-Back,Nottingham Forest,£13.50m  
325,"Feb 21, 1989 (30)",Previous Market Value: £7.20m,30.06.2020,Newcastle United,right,"1,90 m","Aug 9, 2018",Federico Fernández,Argentina,18,Centre-Back,Swansea City,£7.20m  
326,"May 20, 1991 (27)",Previous Market Value: £7.20m,30.06.2022,Newcastle United,right,"1,90 m","Jul 4, 2017",Florian Lejeune,France,20,Centre-Back,SD Eibar,£7.20m  
327,"Dec 20, 1991 (27)",Previous Market Value: £3.60m,30.06.2021,Newcastle United,right,"1,86 m","Jul 26, 2018",Fabian Schär,Switzerland,5,Centre-Back,Deportivo de La Coruña,£6.30m  
328,"Sep 26, 1989 (29)",Previous Market Value: £5.40m,30.06.2021,Newcastle United,left,"1,88 m","Aug 3, 2016",Ciaran Clark,Ireland,2,Centre-Back,Aston Villa,£5.40m  
329,"Mar 18, 1995 (23)",Previous Market Value: £7.20m,30.06.2019,Newcastle United,left,"1,80 m","Jan 31, 2019",Antonio Barreca,Italy,23,Left-Back,AS Monaco,£6.30m  
330,"Sep 26, 1991 (27)",Previous Market Value: £3.15m,30.06.2022,Newcastle United,left,"1,83 m","Jul 1, 2010",Paul Dummett,Wales,3,Left-Back,Newcastle United U18,£3.15m  
331,"Jul 9, 1993 (25)",Previous Market Value: £7.20m,30.06.2021,Newcastle United,right,"1,73 m","Aug 24, 2016",DeAndre Yedlin,United States,22,Right-Back,Tottenham Hotspur,£7.20m  
332,"May 5, 1994 (24)",Previous Market Value: £4.50m,30.06.2020,Newcastle United,right,"1,78 m","Jul 21, 2017",Javier Manquillo,Spain,19,Right-Back,Atlético Madrid,£4.50m  
333,"Mar 22, 1995 (23)",Previous Market Value: £6.30m,30.06.2021,Newcastle United,right,"1,86 m","Jul 11, 2016",Isaac Hayden,England,14,Defensive Midfield,Arsenal FC U23,£6.30m  
334,"Jan 24, 1989 (30)",Previous Market Value: £6.30m,30.06.2020,Newcastle United,right,"1,86 m","Jul 1, 2018",Sung-yong Ki,"Korea, South",4,Defensive Midfield,Swansea City,£5.40m  
335,"Feb 27, 1992 (27)",Previous Market Value: £13.50m,30.06.2021,Newcastle United,right,"1,84 m","Jan 12, 2016",Jonjo Shelvey,England,8,Central Midfield,Swansea City,£13.50m  
336,"Jun 14, 1987 (31)",Previous Market Value: £4.50m,30.06.2019,Newcastle United,right,"1,84 m","Aug 3, 2016",Mohamed Diamé,Senegal,10,Central Midfield,Hull City,£4.50m  
337,"Oct 30, 1997 (21)",Previous Market Value: £135k,30.06.2022,Newcastle United,right,"1,81 m","Jan 1, 2019",Sean Longstaff,England,36,Central Midfield,Newcastle United U23,£2.25m  
338,"Sep 10, 1989 (29)",Previous Market Value: £10.80m,30.06.2021,Newcastle United,left,"1,73 m","Jul 1, 2016",Matt Ritchie,Scotland,11,Right Midfield,AFC Bournemouth,£10.80m  
339,"Feb 8, 1996 (23)",Previous Market Value: £9.00m,31.05.2019,Newcastle United,left,"1,82 m","Jan 23, 2018",Kenedy,Brazil,15,Left Midfield,Chelsea FC,£9.00m  
340,"Feb 10, 1994 (25)",Previous Market Value: £13.50m,30.06.2024,Newcastle United,left,"1,74 m","Jan 31, 2019",Miguel Almirón,Paraguay,24,Attacking Midfield,Atlanta United FC,£18.00m  
341,"Jan 10, 1992 (27)",Previous Market Value: £5.40m,30.06.2021,Newcastle United,left,"1,65 m","Jul 1, 2017",Christian Atsu,Ghana,30,Left Winger,Chelsea FC,£5.40m  
342,"Jul 29, 1993 (25)",Previous Market Value: £9.00m,30.06.2021,Newcastle United,right,"1,78 m","Jul 1, 2014",Ayoze Pérez,Spain,17,Second Striker,CD Tenerife,£9.00m  
343,"Sep 16, 1989 (29)",Previous Market Value: £11.70m,31.05.2019,Newcastle United,right,"1,86 m","Aug 6, 2018",José Salomón Rondón,Venezuela,9,Centre-Forward,West Bromwich Albion,£13.50m  
344,"Jul 15, 1992 (26)",Previous Market Value: £9.00m,30.06.2022,Newcastle United,right,"1,78 m","Aug 2, 2018",Yoshinori Muto,Japan,13,Centre-Forward,1.FSV Mainz 05,£9.00m  
345,"Mar 27, 1990 (28)",Previous Market Value: £3.60m,30.06.2020,Newcastle United,right,"1,92 m","Aug 16, 2017",Joselu,Spain,21,Centre-Forward,Stoke City,£3.60m  
346,"Apr 3, 1983 (35)",Previous Market Value: £2.70m,30.06.2020,Watford FC,right,"1,93 m","Jul 5, 2018",Ben Foster,England,26,Goalkeeper,West Bromwich Albion,£2.70m  
347,"Feb 15, 1981 (38)",Previous Market Value: £900k,30.06.2019,Watford FC,right,"1,91 m","Jul 1, 2014",Heurelho Gomes,Brazil,1,Goalkeeper,Tottenham Hotspur,£900k  
348,"Jan 21, 1999 (20)",Previous Market Value: £900k,30.06.2023,Watford FC,-,"1,95 m","Jan 31, 2018",Pontus Dahlberg,Sweden,30,Goalkeeper,IFK Göteborg,£900k  
349,"Feb 24, 1991 (28)",Previous Market Value: £8.10m,30.06.2021,Watford FC,right,"1,87 m","Jul 1, 2016",Christian Kabasele,Belgium,27,Centre-Back,KRC Genk,£8.10m  
350,"Jun 21, 1987 (31)",Previous Market Value: £3.60m,30.06.2021,Watford FC,right,"1,94 m","Jul 1, 2015",Sebastian Prödl,Austria,5,Centre-Back,SV Werder Bremen,£3.15m  
351,"Feb 6, 1989 (30)",Previous Market Value: £3.15m,30.06.2021,Watford FC,right,"1,89 m","Jul 1, 2014",Craig Cathcart,Northern Ireland,15,Centre-Back,Blackpool FC,£3.15m  
352,"Jul 17, 1985 (33)",Previous Market Value: £3.15m,30.06.2019,Watford FC,left,"1,89 m","Jul 22, 2015",Miguel Britos,Uruguay,3,Centre-Back,SSC Napoli,£2.25m  
353,"Oct 3, 1986 (32)",Previous Market Value: £1.35m,30.06.2020,Watford FC,right,"1,79 m","Aug 30, 2016",Adrian Mariappa,Jamaica,6,Centre-Back,Crystal Palace,£1.35m  
354,"Jan 24, 1994 (25)",Previous Market Value: £675k,30.06.2019,Watford FC,right,"1,88 m","Jul 1, 2011",Tommie Hoban,Ireland,31,Centre-Back,Watford FC U18,£540k  
355,"Jan 2, 1994 (25)",Previous Market Value: £6.30m,30.06.2023,Watford FC,left,"1,91 m","Jul 2, 2018",Adam Masina,Italy,11,Left-Back,Bologna FC 1909,£6.30m  
356,"Jun 27, 1984 (34)",Previous Market Value: £1.80m,30.06.2020,Watford FC,left,"1,84 m","Jul 2, 2015",José Holebas,Greece,25,Left-Back,AS Roma,£1.80m  
357,"Jul 22, 1989 (29)",Previous Market Value: £5.40m,30.06.2020,Watford FC,right,"1,85 m","Aug 24, 2016",Daryl Janmaat,Netherlands,2,Right-Back,Newcastle United,£5.40m  
358,"Feb 2, 1991 (28)",Previous Market Value: £4.50m,30.06.2021,Watford FC,right,"1,71 m","Jul 1, 2017",Kiko Femenía,Spain,21,Right-Back,Deportivo Alavés,£4.50m  
359,"Jul 2, 1995 (23)",Previous Market Value: £1.80m,30.06.2023,Watford FC,right,"1,88 m","Jul 1, 2018",Marc Navarro,Spain,23,Right-Back,RCD Espanyol Barcelona,£1.80m  
360,"Jul 11, 1988 (30)",Previous Market Value: £7.20m,30.06.2022,Watford FC,right,"1,89 m","Jul 6, 2015",Étienne Capoue,France,29,Defensive Midfield,Tottenham Hotspur,£7.20m  
361,"Dec 12, 1994 (24)",Previous Market Value: £4.50m,30.06.2022,Watford FC,right,"1,85 m","Jul 13, 2017",Nathaniel Chalobah,England,14,Defensive Midfield,Chelsea FC,£6.30m  
362,"Jan 1, 1993 (26)",Previous Market Value: £13.50m,30.06.2023,Watford FC,right,"1,83 m","Feb 1, 2016",Abdoulaye Doucouré,France,16,Central Midfield,Stade Rennais FC,£22.50m  
363,"Apr 17, 1995 (23)",Previous Market Value: £13.50m,30.06.2022,Watford FC,left,"1,85 m","Jul 1, 2017",Will Hughes,England,19,Central Midfield,Derby County,£13.50m  
364,"Aug 12, 1989 (29)",Previous Market Value: £8.10m,30.06.2022,Watford FC,right,"1,75 m","Jul 1, 2017",Tom Cleverley,England,8,Central Midfield,Everton FC,£8.10m  
365,"Nov 18, 1999 (19)",Previous Market Value: £1.80m,30.06.2022,Watford FC,right,"1,73 m","Aug 9, 2018",Domingos Quina,Portugal,20,Central Midfield,West Ham United,£4.50m  
366,"Jan 7, 1991 (28)",Previous Market Value: £9.00m,30.06.2021,Watford FC,both,"1,82 m","Aug 19, 2016",Roberto Pereyra,Argentina,37,Left Midfield,Juventus FC,£10.80m  
367,"Sep 30, 1993 (25)",Previous Market Value: £1.80m,30.06.2023,Watford FC,left,"1,80 m","Jul 5, 2018",Ken Sema,Sweden,12,Left Midfield,Östersunds FK,£2.70m  
368,"Jan 7, 1996 (23)",Previous Market Value: £1.80m,30.06.2023,Watford FC,right,"1,82 m","Jul 1, 2016",Isaac Success,Nigeria,10,Left Winger,Granada CF,£4.50m  
369,"Mar 13, 1994 (25)",Previous Market Value: £12.60m,30.06.2023,Watford FC,right,"1,77 m","Jul 1, 2018",Gerard Deulofeu,Spain,7,Right Winger,FC Barcelona,£16.20m  
370,"Jun 26, 1991 (27)",Previous Market Value: £13.50m,30.06.2022,Watford FC,right,"1,78 m","Aug 9, 2017",Andre Gray,England,18,Centre-Forward,Burnley FC,£13.50m  
371,"Jun 29, 1988 (30)",Previous Market Value: £9.00m,30.06.2021,Watford FC,right,"1,84 m","Sep 22, 2012",Troy Deeney,England,9,Centre-Forward,Career break,£9.00m  
372,"May 31, 1997 (21)",Previous Market Value: £1.80m,30.06.2023,Watford FC,right,"1,85 m","Feb 1, 2016",Adalberto Peñaranda,Venezuela,17,Centre-Forward,Udinese Calcio,£1.80m  
373,"Apr 19, 1992 (26)",Previous Market Value: £9.00m,30.06.2020,Burnley FC,right,"1,91 m","Jul 19, 2016",Nick Pope,England,29,Goalkeeper,Charlton Athletic,£9.00m  
374,"Apr 19, 1987 (31)",Previous Market Value: £6.30m,30.06.2020,Burnley FC,right,"1,96 m","Aug 7, 2018",Joe Hart,England,20,Goalkeeper,Manchester City,£6.30m  
375,"Apr 15, 1986 (32)",Previous Market Value: £3.60m,30.06.2020,Burnley FC,right,"1,88 m","Jul 1, 2013",Tom Heaton,England,1,Goalkeeper,Bristol City,£2.70m  
376,"Apr 13, 1984 (34)",Previous Market Value: £450k,30.06.2019,Burnley FC,right,"1,93 m","Sep 21, 2017",Anders Lindegaard,Denmark,22,Goalkeeper,Without Club,£450k  
377,"Nov 28, 1986 (32)",Previous Market Value: £225k,30.06.2020,Burnley FC,-,"1,90 m","Aug 8, 2017",Adam Legzdins,England,30,Goalkeeper,Birmingham City,£225k  
378,"Nov 19, 1992 (26)",Previous Market Value: £13.50m,30.06.2022,Burnley FC,right,"1,85 m","Feb 1, 2016",James Tarkowski,England,5,Centre-Back,Brentford FC,£13.50m  
379,"Jan 15, 1993 (26)",Previous Market Value: £13.50m,30.06.2022,Burnley FC,left,"1,85 m","Aug 5, 2018",Ben Gibson,England,14,Centre-Back,Middlesbrough FC,£10.80m  
380,"Sep 21, 1989 (29)",Previous Market Value: £9.00m,30.06.2021,Burnley FC,left,"1,80 m","Jan 17, 2012",Ben Mee,England,6,Centre-Back,Manchester City,£9.00m  
381,"Aug 18, 1990 (28)",Previous Market Value: £2.25m,30.06.2021,Burnley FC,right,"1,88 m","Jan 1, 2010",Kevin Long,Ireland,28,Centre-Back,Cork City FC (liq. 2009),£2.25m  
382,"Sep 18, 1993 (25)",Previous Market Value: £4.50m,30.06.2021,Burnley FC,left,"1,75 m","Jul 6, 2017",Charlie Taylor,England,3,Left-Back,Leeds United,£4.50m  
383,"Aug 20, 1985 (33)",Previous Market Value: £2.70m,30.06.2019,Burnley FC,left,"1,84 m","Aug 15, 2014",Stephen Ward,Ireland,23,Left-Back,Wolverhampton Wanderers,£2.25m  
384,"Jun 9, 1989 (29)",Previous Market Value: £4.50m,30.06.2021,Burnley FC,right,"1,80 m","Jul 1, 2015",Matthew Lowton,England,2,Right-Back,Aston Villa,£4.50m  
385,"Jun 28, 1985 (33)",Previous Market Value: £1.35m,30.06.2019,Burnley FC,right,"1,80 m","Jul 25, 2017",Phil Bardsley,Scotland,26,Right-Back,Stoke City,£1.35m  
386,"Jun 25, 1989 (29)",Previous Market Value: £13.50m,30.06.2021,Burnley FC,right,"1,85 m","Jul 11, 2017",Jack Cork,England,4,Defensive Midfield,Swansea City,£13.50m  
387,"Apr 1, 1990 (28)",Previous Market Value: £3.60m,30.06.2020,Burnley FC,right,"1,74 m","Jan 31, 2017",Ashley Westwood,England,18,Defensive Midfield,Aston Villa,£3.60m  
388,"Jan 31, 1992 (27)",Previous Market Value: £9.00m,30.06.2020,Burnley FC,right,"1,85 m","Aug 31, 2016",Jeff Hendrick,Ireland,13,Central Midfield,Derby County,£9.00m  
389,"Apr 15, 1988 (30)",Previous Market Value: £6.30m,30.06.2020,Burnley FC,right,"1,75 m","Aug 16, 2016",Steven Defour,Belgium,16,Central Midfield,RSC Anderlecht,£6.30m  
390,"Jan 14, 1992 (27)",Previous Market Value: £9.00m,30.06.2020,Burnley FC,left,"1,76 m","Jan 31, 2017",Robbie Brady,Ireland,12,Left Midfield,Norwich City,£7.20m  
391,"Nov 22, 1999 (19)",Previous Market Value: -,30.06.2023,Burnley FC,-,m,"Jul 1, 2018",Dwight McNeil,England,31,Left Winger,Burnley FC U23,£2.25m  
392,"Oct 27, 1990 (28)",Previous Market Value: £9.00m,30.06.2021,Burnley FC,left,"1,86 m","Jul 19, 2016",Johann Berg Gudmundsson,Iceland,7,Right Winger,Charlton Athletic,£9.00m  
393,"Apr 16, 1987 (31)",Previous Market Value: £4.50m,30.06.2020,Burnley FC,right,"1,65 m","Jan 23, 2018",Aaron Lennon,England,25,Right Winger,Everton FC,£4.50m  
394,"Sep 20, 1983 (35)",Previous Market Value: £1.80m,30.06.2019,Burnley FC,right,"1,83 m","Jul 7, 2017",Jonathan Walters,Ireland,19,Right Winger,Stoke City,£1.35m  
395,"Dec 7, 1991 (27)",Previous Market Value: £16.20m,30.06.2021,Burnley FC,right,"1,91 m","Aug 21, 2017",Chris Wood,New Zealand,11,Centre-Forward,Leeds United,£16.20m  
396,"May 1, 1992 (26)",Previous Market Value: £9.00m,30.06.2021,Burnley FC,right,"1,80 m","Aug 7, 2018",Matej Vydra,Czech Republic,27,Centre-Forward,Derby County,£9.00m  
397,"Oct 30, 1989 (29)",Previous Market Value: £7.20m,30.06.2021,Burnley FC,right,"1,86 m","Jan 10, 2014",Ashley Barnes,England,10,Centre-Forward,Brighton & Hove Albion,£7.20m  
398,"Jan 30, 1981 (38)",Previous Market Value: £1.35m,30.06.2019,Burnley FC,right,"2,01 m","Jan 31, 2019",Peter Crouch,England,15,Centre-Forward,Stoke City,£900k  
399,"Apr 8, 1992 (26)",Previous Market Value: £7.20m,30.06.2022,Brighton & Hove Albion,right,"1,84 m","Jul 1, 2017",Mathew Ryan,Australia,1,Goalkeeper,Valencia CF,£7.20m  
400,"Feb 27, 1989 (30)",Previous Market Value: £1.35m,30.06.2021,Brighton & Hove Albion,right,"1,91 m","Jul 16, 2018",David Button,England,27,Goalkeeper,Fulham FC,£1.35m  
401,"Aug 18, 1990 (28)",Previous Market Value: £675k,30.06.2021,Brighton & Hove Albion,right,"1,88 m","Jul 1, 2018",Jason Steele,England,23,Goalkeeper,Sunderland AFC,£675k  
402,"Jan 1, 1992 (27)",Previous Market Value: £10.80m,30.06.2023,Brighton & Hove Albion,right,"1,93 m","Aug 26, 2016",Shane Duffy,Ireland,4,Centre-Back,Blackburn Rovers,£10.80m  
403,"Nov 21, 1991 (27)",Previous Market Value: £9.00m,30.06.2023,Brighton & Hove Albion,right,"1,92 m","Jul 1, 2010",Lewis Dunk,England,5,Centre-Back,Brighton & Hove Albion U18,£10.80m  
404,"May 9, 1992 (26)",Previous Market Value: £675k,30.06.2022,Brighton & Hove Albion,right,"2,01 m","Aug 9, 2018",Dan Burn,England,33,Centre-Back,Wigan Athletic,£2.70m  
405,"Jun 28, 1988 (30)",Previous Market Value: £1.80m,30.06.2020,Brighton & Hove Albion,right,"1,90 m","Jul 1, 2018",Leon Balogun,Nigeria,14,Centre-Back,1.FSV Mainz 05,£1.80m  
406,"May 14, 1995 (23)",Previous Market Value: £8.10m,30.06.2022,Brighton & Hove Albion,left,"1,86 m","Jul 5, 2018",Bernardo,Brazil,30,Left-Back,RB Leipzig,£8.10m  
407,"Apr 25, 1988 (30)",Previous Market Value: £1.35m,30.06.2019,Brighton & Hove Albion,left,"1,83 m","Jul 2, 2015",Gaëtan Bong,Cameroon,3,Left-Back,Wigan Athletic,£1.80m  
408,"Apr 14, 1991 (27)",Previous Market Value: £7.20m,30.06.2022,Brighton & Hove Albion,right,"1,75 m","Aug 9, 2018",Martín Montoya,Spain,22,Right-Back,Valencia CF,£7.20m  
409,"Oct 1, 1980 (38)",Previous Market Value: £675k,30.06.2019,Brighton & Hove Albion,right,"1,80 m","Jul 1, 2012",Bruno,Spain,2,Right-Back,Valencia CF,£675k  
410,"Aug 30, 1996 (22)",Previous Market Value: £13.50m,30.06.2023,Brighton & Hove Albion,right,"1,82 m","Jul 17, 2018",Yves Bissouma,Mali,8,Central Midfield,LOSC Lille,£13.50m  
411,"Sep 2, 1991 (27)",Previous Market Value: £13.50m,30.06.2021,Brighton & Hove Albion,right,"1,85 m","Aug 7, 2017",Davy Pröpper,Netherlands,24,Central Midfield,PSV Eindhoven,£13.50m  
412,"Dec 12, 1989 (29)",Previous Market Value: £5.40m,30.06.2021,Brighton & Hove Albion,right,"1,85 m","Jan 30, 2014",Dale Stephens,England,6,Central Midfield,Charlton Athletic,£5.40m  
413,"May 2, 1988 (30)",Previous Market Value: £1.35m,30.06.2020,Brighton & Hove Albion,right,"1,78 m","Jan 29, 2015",Beram Kayal,Israel,7,Central Midfield,Celtic FC,£1.35m  
414,"Jul 20, 1994 (24)",Previous Market Value: £4.50m,30.06.2022,Brighton & Hove Albion,left,"1,80 m","Jul 1, 2013",Solly March,England,20,Left Midfield,Brighton & Hove Albion U18,£6.30m  
415,"Jun 15, 1991 (27)",Previous Market Value: £9.00m,30.06.2022,Brighton & Hove Albion,right,"1,81 m","Jul 1, 2017",Pascal Groß,Germany,13,Attacking Midfield,FC Ingolstadt 04,£9.00m  
416,"Jul 7, 1992 (26)",Previous Market Value: £12.60m,30.06.2021,Brighton & Hove Albion,right,"1,71 m","Aug 20, 2017",José Izquierdo,Colombia,19,Left Winger,Club Brugge KV,£11.70m  
417,"Aug 11, 1993 (25)",Previous Market Value: £16.20m,30.06.2023,Brighton & Hove Albion,right,"1,80 m","Jul 25, 2018",Alireza Jahanbakhsh,Iran,16,Right Winger,AZ Alkmaar,£16.20m  
418,"Nov 20, 1991 (27)",Previous Market Value: £7.20m,30.06.2022,Brighton & Hove Albion,left,"1,72 m","Jan 7, 2016",Anthony Knockaert,France,11,Right Winger,Standard Liège,£7.20m  
419,"Nov 7, 1993 (25)",Previous Market Value: £13.50m,30.06.2022,Brighton & Hove Albion,right,"1,85 m","Jan 19, 2018",Jürgen Locadia,Netherlands,9,Centre-Forward,PSV Eindhoven,£10.80m  
420,"Apr 11, 1993 (25)",Previous Market Value: £5.40m,30.06.2023,Brighton & Hove Albion,right,"1,80 m","Jul 1, 2018",Florin Andone,Romania,10,Centre-Forward,Deportivo de La Coruña,£5.40m  
421,"Sep 25, 1983 (35)",Previous Market Value: £2.70m,30.06.2020,Brighton & Hove Albion,right,"1,86 m","Jan 31, 2017",Glenn Murray,England,17,Centre-Forward,AFC Bournemouth,£2.70m  
422,"Feb 1, 1989 (30)",Previous Market Value: £4.50m,-,Huddersfield Town,right,"1,95 m","Jul 1, 2018",Jonas Lössl,Denmark,1,Goalkeeper,1.FSV Mainz 05,£4.50m  
423,"Nov 20, 1987 (31)",Previous Market Value: £450k,30.06.2021,Huddersfield Town,right,"1,93 m","Jul 1, 2018",Ben Hamer,England,12,Goalkeeper,Leicester City,£450k  
424,"Sep 26, 1995 (23)",Previous Market Value: £225k,30.06.2020,Huddersfield Town,-,"1,98 m","Jul 1, 2016",Joel Coleman,England,13,Goalkeeper,Oldham Athletic,£450k  
425,"Feb 14, 1994 (25)",Previous Market Value: £13.50m,30.06.2022,Huddersfield Town,left,"1,88 m","Jul 1, 2018",Terence Kongolo,Netherlands,5,Centre-Back,AS Monaco,£13.50m  
426,"Apr 29, 1990 (28)",Previous Market Value: £5.40m,30.06.2021,Huddersfield Town,right,"1,88 m","Jul 1, 2016",Christopher Schindler,Germany,26,Centre-Back,TSV 1860 Munich,£5.40m  
427,"Apr 23, 1990 (28)",Previous Market Value: £4.50m,30.06.2020,Huddersfield Town,right,"1,89 m","Jul 7, 2017",Zanka,Denmark,25,Centre-Back,FC Copenhagen,£4.50m  
428,"Jan 14, 1996 (23)",Previous Market Value: £450k,30.06.2020,Huddersfield Town,right,"1,90 m","Jul 8, 2016",Jon Gorenc-Stankovic,Slovenia,27,Centre-Back,Borussia Dortmund II,£450k  
429,"Apr 16, 1989 (29)",Previous Market Value: £1.35m,30.06.2020,Huddersfield Town,left,"1,73 m","Jul 1, 2016",Chris Löwe,Germany,15,Left-Back,1.FC Kaiserslautern,£1.80m  
430,"Jul 31, 1994 (24)",Previous Market Value: £5.40m,30.06.2021,Huddersfield Town,right,"1,82 m","Jul 1, 2018",Florent Hadergjonaj,Switzerland,33,Right-Back,FC Ingolstadt 04,£6.30m  
431,"Apr 14, 1992 (26)",Previous Market Value: £2.70m,30.06.2020,Huddersfield Town,right,"1,86 m","Sep 4, 2012",Tom Smith,England,2,Right-Back,Without Club,£2.70m  
432,"May 12, 1992 (26)",Previous Market Value: £900k,30.06.2019,Huddersfield Town,right,"1,83 m","Jul 13, 2018",Erik Durm,Germany,37,Right-Back,Borussia Dortmund,£1.35m  
433,"Mar 8, 1989 (30)",Previous Market Value: £1.80m,30.06.2019,Huddersfield Town,right,"1,82 m","Jul 4, 2017",Danny Williams,United States,19,Defensive Midfield,Reading FC,£1.80m  
434,"Sep 15, 1990 (28)",Previous Market Value: £9.00m,30.06.2020,Huddersfield Town,right,"1,79 m","Jul 1, 2017",Aaron Mooy,Australia,10,Central Midfield,Manchester City,£12.60m  
435,"Jun 11, 1996 (22)",Previous Market Value: £5.40m,30.06.2020,Huddersfield Town,left,"1,92 m","Jul 1, 2014",Philip Billing,Denmark,8,Central Midfield,Huddersfield Town U18,£6.30m  
436,"Dec 6, 1988 (30)",Previous Market Value: £3.15m,30.06.2020,Huddersfield Town,right,"1,76 m","Jul 29, 2013",Jonathan Hogg,England,6,Central Midfield,Watford FC,£3.15m  
437,"Aug 7, 1997 (21)",Previous Market Value: £2.25m,30.06.2021,Huddersfield Town,right,"1,79 m","Jul 1, 2018",Juninho Bacuna,Netherlands,7,Central Midfield,FC Groningen,£2.25m  
438,"May 3, 1993 (25)",Previous Market Value: £9.00m,30.06.2021,Huddersfield Town,right,"1,68 m","Jan 12, 2018",Alex Pritchard,England,21,Attacking Midfield,Norwich City,£9.00m  
439,"Jun 26, 1986 (32)",Previous Market Value: £4.50m,30.06.2019,Huddersfield Town,left,"1,73 m","Jan 4, 2019",Jason Puncheon,England,42,Attacking Midfield,Crystal Palace,£3.60m  
440,"Nov 28, 1996 (22)",Previous Market Value: £900k,30.06.2020,Huddersfield Town,right,"1,86 m","Aug 23, 2017",Abdelhamid Sabiri,Germany,29,Attacking Midfield,1.FC Nuremberg,£1.35m  
441,"Mar 8, 1996 (23)",Previous Market Value: £3.15m,30.06.2019,Huddersfield Town,right,"1,87 m","Aug 9, 2018",Isaac Mbenza,Belgium,18,Right Winger,HSC Montpellier,£3.15m  
442,"Apr 22, 1992 (26)",Previous Market Value: £3.15m,30.06.2020,Huddersfield Town,right,"1,78 m","Jul 1, 2017",Elias Kachunga,DR Congo,9,Right Winger,FC Ingolstadt 04,£2.70m  
443,"Sep 29, 1994 (24)",Previous Market Value: £9.00m,30.06.2021,Huddersfield Town,right,"1,90 m","Jul 5, 2017",Steve Mounié,Benin,24,Centre-Forward,HSC Montpellier,£9.00m  
444,"Jul 5, 1996 (22)",Previous Market Value: £7.20m,30.06.2021,Huddersfield Town,left,"1,84 m","Jul 20, 2018",Adama Diakhaby,France,11,Centre-Forward,AS Monaco,£7.20m  
445,"Dec 7, 1988 (30)",Previous Market Value: £4.05m,30.06.2019,Huddersfield Town,right,"1,91 m","Jul 1, 2017",Laurent Depoitre,Belgium,20,Centre-Forward,FC Porto,£3.60m  
446,"Sep 18, 1997 (21)",Previous Market Value: £180k,30.06.2022,Huddersfield Town,-,"1,83 m","Jan 30, 2019",Karlan Grant,England,16,Centre-Forward,Charlton Athletic,£2.25m  
447,"Feb 7, 1990 (29)",Previous Market Value: £3.15m,30.06.2021,Cardiff City,right,"1,88 m","Jul 1, 2017",Neil Etheridge,Philippines,1,Goalkeeper,Walsall FC,£3.60m  
448,"Mar 5, 1990 (29)",Previous Market Value: £3.15m,30.06.2022,Cardiff City,right,"1,89 m","Jul 1, 2018",Alex Smithies,England,12,Goalkeeper,Queens Park Rangers,£3.15m  
449,"May 7, 1983 (35)",Previous Market Value: £225k,30.06.2019,Cardiff City,right,"1,85 m","Sep 2, 2016",Brian Murphy,Ireland,28,Goalkeeper,Without Club,£225k  
450,"Jan 8, 1991 (28)",Previous Market Value: £4.50m,30.06.2022,Cardiff City,right,"1,94 m","Aug 15, 2014",Sean Morrison,England,4,Centre-Back,Reading FC,£4.50m  
451,"Jul 16, 1988 (30)",Previous Market Value: £2.70m,30.06.2019,Cardiff City,right,"1,86 m","Sep 1, 2014",Bruno Ecuele Manga,Gabon,5,Centre-Back,FC Lorient,£2.70m  
452,"Jan 13, 1985 (34)",Previous Market Value: £900k,30.06.2020,Cardiff City,right,"1,90 m","Oct 11, 2016",Sol Bamba,Cote d'Ivoire,22,Centre-Back,Without Club,£900k  
453,"Sep 24, 1987 (31)",Previous Market Value: £675k,30.06.2020,Cardiff City,right,"1,88 m","Aug 22, 2012",Matthew Connolly,England,16,Centre-Back,Queens Park Rangers,£675k  
454,"Jan 31, 1991 (28)",Previous Market Value: £3.60m,30.06.2021,Cardiff City,left,"1,83 m","Jul 1, 2018",Greg Cunningham,Ireland,18,Left-Back,Preston North End,£3.60m  
455,"Mar 28, 1990 (28)",Previous Market Value: £1.80m,30.06.2021,Cardiff City,left,"1,78 m","Aug 27, 2016",Joe Bennett,England,3,Left-Back,Aston Villa,£1.80m  
456,"Dec 11, 1986 (32)",Previous Market Value: £1.35m,30.06.2020,Cardiff City,right,"1,78 m","Jan 24, 2015",Lee Peltier,England,2,Right-Back,Huddersfield Town,£1.35m  
457,"Apr 12, 1991 (27)",Previous Market Value: £675k,30.06.2019,Cardiff City,right,"1,74 m","Jul 19, 2016",Jazz Richards,Wales,6,Right-Back,Fulham FC,£675k  
458,"Dec 28, 1989 (29)",Previous Market Value: £6.30m,31.05.2019,Cardiff City,left,"1,77 m","Aug 9, 2018",Harry Arter,Ireland,7,Central Midfield,AFC Bournemouth,£6.30m  
459,"May 28, 1994 (24)",Previous Market Value: £5.40m,30.06.2019,Cardiff City,right,"1,83 m","Aug 9, 2018",Víctor Camarasa,Spain,21,Central Midfield,Real Betis Balompié,£5.40m  
460,"Oct 13, 1993 (25)",Previous Market Value: £4.50m,30.06.2022,Cardiff City,left,"1,78 m","Jul 1, 2011",Joe Ralls,England,8,Central Midfield,Cardiff City U18,£4.50m  
461,"Oct 13, 1994 (24)",Previous Market Value: £3.15m,30.06.2022,Cardiff City,right,"1,88 m","Jul 1, 2017",Callum Paterson,Scotland,13,Central Midfield,Heart of Midlothian FC,£4.50m  
462,"Aug 21, 1991 (27)",Previous Market Value: £1.80m,30.06.2023,Cardiff City,right,"1,87 m","Jan 31, 2019",Leandro Bacuna,Curacao,15,Central Midfield,Reading FC,£2.70m  
463,"Apr 22, 1989 (29)",Previous Market Value: £2.25m,30.06.2019,Cardiff City,right,"1,77 m","Jul 1, 2011",Aron Gunnarsson,Iceland,17,Central Midfield,Coventry City,£2.25m  
464,"Mar 4, 1991 (28)",Previous Market Value: £675k,30.06.2019,Cardiff City,right,"1,73 m","Jan 28, 2015",Stuart O'Keefe,England,-,Central Midfield,Crystal Palace,£675k  
465,"Jan 8, 1991 (28)",Previous Market Value: £675k,30.06.2019,Cardiff City,right,"1,81 m","Jul 6, 2017",Loïc Damour,France,20,Central Midfield,Bourg-en-Bresse Péronnas 01,£675k  
466,"Jun 8, 1993 (25)",Previous Market Value: £315k,30.06.2019,Cardiff City,right,"1,74 m","Jan 30, 2012",Kadeem Harris,England,23,Right Midfield,Wycombe Wanderers,£450k  
467,"Feb 2, 1993 (26)",Previous Market Value: £9.00m,30.06.2022,Cardiff City,right,"1,70 m","Jul 1, 2018",Bobby Reid,England,14,Attacking Midfield,Bristol City,£9.00m  
468,"Feb 24, 1995 (24)",Previous Market Value: £7.20m,30.06.2022,Cardiff City,left,"1,73 m","Jul 1, 2018",Josh Murphy,England,11,Left Winger,Norwich City,£7.20m  
469,"Jun 5, 1990 (28)",Previous Market Value: £4.05m,30.06.2021,Cardiff City,right,"1,74 m","Oct 10, 2016",Junior Hoilett,Canada,33,Left Winger,Without Club,£4.05m  
470,"Apr 15, 1992 (26)",Previous Market Value: £2.25m,30.06.2021,Cardiff City,right,"1,78 m","Jul 1, 2017",Nathaniel Mendez-Laing,England,19,Right Winger,Rochdale AFC,£2.25m  
471,"Jan 31, 1994 (25)",Previous Market Value: £7.20m,30.06.2020,Cardiff City,left,"1,90 m","Jul 6, 2016",Kenneth Zohore,Denmark,10,Centre-Forward,KV Kortrijk,£6.30m  
472,"Apr 18, 1990 (28)",Previous Market Value: £7.20m,30.06.2019,Cardiff City,right,"1,82 m","Jan 18, 2019",Oumar Niasse,Senegal,29,Centre-Forward,Everton FC,£6.30m  
473,"Dec 9, 1990 (28)",Previous Market Value: £1.58m,30.06.2020,Cardiff City,left,"1,80 m","Jul 1, 2017",Danny Ward,England,9,Centre-Forward,Rotherham United,£1.58m  
474,"Dec 6, 1994 (24)",Previous Market Value: £135k,30.06.2020,Cardiff City,right,"1,80 m","Jan 24, 2013",Rhys Healey,England,32,Centre-Forward,Connah's Quay,£135k  
